47,162,26730,4170,20.871,1.842,72300,3530,69390,4980,39290,4480
44,767,47000,3000,114.851,2.869,34680,4710,24480,2890,16780,2010
17,923,5570,-510,3.68,-0.454,32980,4880,30600,6200,19660,3040
39,705,63970,15880,37.996,8.394,26480,1150,22700,1250,19150,1060
54,129,2730,530,9.643,1.848,61630,7110,56850,4350,35980,4570
13,336,42590,-50,69.522,-3.02499,49940,2800,45440,1240,26850,2940
14,1054,26790,830,42.653,0.408001,41640,3610,38600,3250,21830,1440
4,950,44180,-7720,38.125,-7.097,35530,1610,32980,1630,20270,-500
50,320,36550,4420,10.018,1.067,101500,3070,83670,-590,38810,1690
36,129,6380,1230,14.477,-0.0889997,61720,9020,58050,8760,36490,10000
3,1054,101880,5590,40.316,1.477,44230,3080,40950,2190,22850,1420
26,71,28790,2370,26.314,2.23,55890,5180,50600,4340,28330,1800
37,810,817970,-27290,157.275,-8.73901,33720,2080,31260,1710,19260,1220
53,129,66030,13460,24.207,4.663,69910,4610,67320,4340,38000,620
41,432,6820,-480,7.549,-0.0380001,35190,5330,27380,3550,16900,1690
15,162,83210,-550,14.431,-0.253,77300,5000,73610,5120,41870,2960
23,129,134620,11810,40.517,1.763,94820,6210,91090,5090,51240,1410
16,950,110780,-10170,38.133,-5.252,48990,4910,45530,4670,25950,1540
6,432,36530,-4080,15.429,-2.747,49700,450,42680,780,19370,-630
25,71,159970,7000,58.597,0.380001,67730,7960,62300,7090,37900,3950
51,320,20070,-750,6.923,-0.542,93260,9670,75440,7380,41290,5850
29,293,15580,1830,16.519,1.52,36820,2280,34480,2720,21330,1510
34,705,354590,41340,40.244,3.335,27920,1080,23500,430,17860,1410
42,320,3530,450,7.611,0.887,87770,-7760,70840,-4750,35290,-7060
18,705,44350,9210,32.623,6.565,23120,2030,20510,1640,16310,1460
28,1298,28270,-10,63.77,-1.663,36460,3790,32520,3860,18550,2210
17,494,83700,7060,55.333,3.235,66710,7930,52270,4620,30320,3140
16,586,80590,-920,27.741,-1.497,27080,1290,24630,650,18280,640
14,612,12950,990,20.614,1.153,40000,2130,36540,1830,18860,1200
30,1298,84370,830,70.922,0.118996,35180,2360,30570,2090,18000,950
29,687,28500,-1150,30.226,-2.11,24290,1990,22250,2050,16630,1550
21,162,9120,-640,15.56,-1.014,71270,7200,68900,10230,41720,5920
38,810,254220,-8020,161.173,-10.75,32050,3900,28970,3230,18360,2210
46,336,690250,-17080,61.471,-7.274,48170,640,47200,300,19210,680
3,612,79480,1890,31.453,0.157,44630,3300,39880,1930,19810,760
8,1298,26170,2180,61.678,3.527,33030,1400,28870,460,18220,1350
17,653,127940,-1090,84.573,-3.133,19800,490,18480,1000,15960,340
4,586,36620,5020,31.601,4.063,23830,1550,21770,1040,16120,520
2,705,12490,3290,38.434,8.575,30040,2360,28930,2810,19700,2740
40,336,345100,3160,61.038,-0.323002,55570,3570,52480,4370,21770,800
43,129,34270,7570,18.264,3.453,66430,6140,62430,4810,34600,1290
29,1298,81730,1980,86.676,-0.308998,34260,-10,30760,900,18400,1710
47,222,10440,-1880,8.155,-2.239,57160,5450,52570,5910,27100,2610
28,293,10070,1420,22.716,2.703,36800,2660,34540,2380,19710,640
8,687,15270,1650,35.992,2.98,26830,1690,24010,1530,17380,1170
4,1054,51220,-1460,44.2,-1.702,38980,3000,35950,2430,21080,940
25,653,228640,12990,83.75,1.678,20950,-350,18730,-310,16010,1360
14,950,30220,-3880,48.107,-7.39,38640,620,36140,940,21780,-740
52,1130,40010,-2710,56.536,-4.126,36950,3600,33000,2710,18640,1250
26,653,103720,6610,94.805,6.271,19310,1170,18210,1710,15910,1630
30,293,10310,1160,8.67,0.917,49310,170,47490,-1170,29110,2530
3,950,109280,-24410,43.246,-10.679,41690,3400,37630,1920,23560,2050
8,293,6520,370,15.365,0.458,44300,1870,41500,800,27650,1700
28,687,18180,200,41.017,-0.578003,24800,2190,22460,1990,17390,2060
25,494,160390,5580,58.749,-0.167,77150,930,64720,1790,34720,1610
42,2,21430,1300,46.197,2.32,123840,14240,110860,13950,64380,8160
16,1054,125030,1120,43.037,-1.411,43660,2100,41150,2010,23490,1200
26,494,75140,3910,68.677,3.742,62230,4310,49060,1380,26710,1970
35,129,111160,16350,27.577,3.245,80550,6110,77910,6190,40260,1410
15,222,30450,-16620,5.28,-2.971,70320,1690,63780,3070,31100,-240
30,687,70820,4890,59.536,3.66,29360,2520,31010,4130,17530,580
51,2,135320,22140,46.69,6.117,114840,4290,103870,4150,54920,-1560
3,586,65400,-1770,25.882,-1.214,31030,3880,28790,3550,20250,2290
4,612,23990,830,20.703,0.519999,33890,2170,32010,2360,17940,1240
50,2,168100,12780,46.073,2.802,125460,14650,113930,14130,55400,8110
17,71,65460,7620,43.271,3.955,60980,6190,56370,5780,33100,2210
26,923,4640,70,4.241,0.072,30070,3790,28030,3730,17090,1600
32,1130,184210,-4390,47.609,-1.367,36380,1690,31330,340,18770,1240
25,923,3570,-1470,1.309,-0.611,31960,4480,29580,4440,18040,1480
21,222,4140,-640,7.058,-1.064,59270,2350,52270,3300,33300,2080
5,810,2444440,-102370,161.672,-13.576,39390,2680,36420,2480,20790,600
16,612,60390,3970,20.789,0.549999,37430,1870,35340,1700,18330,990
14,586,17780,150,28.3,-0.397001,26360,1950,24980,2080,17160,940
24,1130,432800,62180,106.241,11.061,35630,-1870,32390,-960,19390,-250
19,336,108130,-730,59.808,-2.447,48920,2940,47350,3660,22630,1770
7,129,46180,2250,28.05,1.409,86770,6350,83680,5250,47590,1510
8,129,13570,1780,31.982,3.417,86900,9330,85350,10050,50030,8740
11,810,637240,-64150,159.98,-20.365,33860,1820,30700,1150,18540,1120
35,293,49680,-6190,12.325,-2.014,41790,3640,40690,3740,24610,1900
51,1054,111810,5190,38.578,0.358997,51010,3700,48300,2550,27130,1350
21,71,21940,940,37.418,1.771,61310,5990,56750,6120,35090,3650
43,687,67150,-300,35.785,-1.628,22570,470,19950,-80,16220,1260
50,1054,142930,-4560,39.175,-1.913,46420,3210,43740,3500,24740,1460
3,320,18470,1300,7.308,0.383,88320,6100,69440,3670,35790,980
28,129,7310,1490,16.486,3.021,58120,6220,54970,5630,31010,3590
14,320,3830,40,6.102,-0.0579996,78750,8850,60660,4090,32530,1600
30,129,16140,1970,13.565,1.555,74400,9440,71320,8940,38010,4000
35,687,126930,2290,31.49,-0.495001,23220,730,21130,600,16360,1270
42,612,11730,1010,25.278,1.92,46220,1920,47160,580,20750,1110
19,705,46600,7160,25.772,3.215,22420,10,19480,360,16150,1460
43,293,21630,-420,11.528,-0.704,39440,3210,35960,2640,21640,1340
31,810,103310,-1940,164.776,-5.144,35240,2580,33430,2520,20260,990
17,222,12360,-1420,8.172,-1.194,58370,4910,53860,4520,30520,2250
53,1298,207260,2990,75.977,0.0329971,32630,770,30130,1040,18100,1070
12,810,10500,-370,175.212,-3.263,27240,980,23700,350,16690,1590
7,293,32790,710,19.917,0.462,51800,1350,48590,1480,27440,660
23,1298,162740,10810,48.981,1.037,36380,2050,32460,1610,19370,700
51,612,57280,-490,19.764,-0.944,51980,350,46060,-3510,22130,230
4,2,56070,7750,48.388,6.286,87810,8090,73600,5260,32440,-710
36,1298,44450,16480,100.925,21.822,42680,10240,40420,11010,21110,4310
25,162,50980,2320,18.674,0.153999,75040,6800,71300,7070,43130,3800
50,612,101420,9220,27.798,2.112,43060,1750,38310,1710,20120,1420
26,162,14640,-1160,13.378,-1.025,68250,8040,63470,7470,32360,2360
15,71,299620,-27890,51.965,-5.451,72370,5450,65190,6200,33730,3160
54,1298,24850,30,87.916,0.0599976,42790,6810,39290,6280,20520,3340
7,687,57800,-890,35.105,-0.489002,31350,1300,27990,700,18950,680
47,71,64670,12630,50.494,6.609,63090,5640,57640,5690,32320,-340
42,1054,14650,-830,31.57,-2.174,47050,4190,45000,4250,26710,2130
16,2,130460,26020,44.905,7.441,92990,2880,79970,2570,39910,-550
18,336,89040,-4880,65.498,-4.141,42490,2860,39560,1940,20080,1410
51,950,125460,-18890,43.287,-8.458,54270,3680,51270,3110,29160,1890
54,687,11440,190,40.484,0.649002,26850,1650,24110,1180,17030,1250
16,320,14760,1240,5.08,0.23,75980,6600,56670,5850,28910,970
53,293,34310,3280,12.578,1.042,43420,1360,41100,600,22560,-360
21,494,40930,4010,69.807,7.134,77160,6400,60410,3330,31200,1980
7,1298,90080,-530,54.707,-0.245998,35830,3000,32340,3050,19510,980
34,336,664400,-9870,75.406,-4.042,62820,5170,54640,3240,22750,940
33,1130,27770,-1470,35.235,-1.292,36940,3950,31010,2820,18180,860
23,293,75140,10400,22.617,2.187,46790,2960,42360,2860,24970,1700
15,923,6920,950,1.2,0.154,32480,1040,28390,2000,18590,1720
42,586,19770,80,42.616,-0.300999,30570,890,28990,290,21240,-90
36,293,4710,-350,10.698,-3.616,45060,9010,44150,9170,27120,6640
50,950,152710,-22860,41.854,-7.058,41590,2920,38250,2550,24410,2190
21,653,54440,2450,92.834,4.581,22130,1010,19390,600,16560,950
4,320,6890,1470,5.95,1.231,76860,11290,58000,11380,30400,6270
46,705,390550,122660,34.781,8.745,21170,-610,18410,1030,15960,1590
53,687,80670,-6630,29.572,-2.885,25630,530,22970,290,16630,700
54,293,4200,420,14.861,1.473,43840,3890,43200,4100,23890,1780
23,687,106030,5690,31.914,0.250999,32590,1930,30800,1880,19620,110
40,705,194710,47090,34.439,7.948,24530,720,21990,1490,16590,740
36,687,15290,1460,34.727,-4.377,26960,4050,24690,3370,17420,2190
17,162,19440,940,12.85,0.272,67340,3540,65150,3750,38210,930
20,810,281900,-17360,147.145,-12.72,30850,2610,28160,2200,18030,1680
2,336,22700,1300,69.844,0.385002,58260,1770,56600,2700,27730,3680
47,923,1310,200,1.02,0.083,26700,1020,23420,330,16910,1170
47,653,99630,10370,77.8,2.526,21140,940,18950,670,16050,1520
41,767,110610,7350,122.497,15.159,22060,1230,18430,2770,16050,2020
39,336,104210,-3020,61.9,-4.111,52110,6150,45780,3890,24140,3000
6,767,267090,19480,112.8,1.97601,41980,2790,28660,1210,17930,1660
35,1298,289060,8050,71.711,-0.402,31200,1700,27320,1200,17530,1370
26,222,6480,-800,5.921,-0.717,58590,4690,50700,3500,28620,3580
15,494,326380,8690,56.606,0.912998,72740,4740,60790,3360,29110,890
25,222,24410,-4890,8.941,-2.209,68530,2990,62130,1180,35680,240
14,2,33180,-6140,52.816,-11.175,80550,7740,69280,5660,29850,930
13,705,18820,-1900,30.722,-4.526,28470,1990,25130,2420,16690,560
21,923,2260,-60,3.856,-0.085,33310,2590,32940,4020,20720,1990
10,1130,291010,9880,37.965,-0.254002,32430,1220,28780,600,18400,1000
47,494,60970,9250,47.609,3.99,69750,4150,57970,4460,28600,2530
3,2,126700,6660,50.138,1.716,101090,10820,87580,10480,41910,4350
27,810,443040,-18040,165.707,-7.082,33600,2560,30650,2210,18940,1360
51,586,74980,3560,25.87,0.268002,34150,3450,31940,3240,22020,1570
15,653,467960,20670,81.161,2.747,21760,830,19160,650,17790,1460
29,129,25100,4660,26.618,4.325,70650,5020,67910,3990,37570,2400
43,1298,130220,7450,69.396,1.3,31030,2280,26760,1240,17280,1560
44,432,5280,50,12.892,-0.429999,35420,2810,31940,2430,21290,1520
50,586,85170,-910,23.345,-0.637001,28430,2580,25990,2150,18000,1200
42,950,15580,-970,33.592,-2.475,47480,940,44700,850,26550,-1630
6,494,124530,12090,52.595,2.271,77490,5970,66860,5350,34440,3160
36,1130,24740,2530,56.18,-6.639,41210,7770,36030,5580,21780,3250
13,586,16660,3110,27.19,4.14,33030,2070,30950,890,19430,-1430
39,320,11110,1480,6.599,0.669,92670,14220,76390,10690,42050,6330
40,950,219800,350,38.876,-0.504002,47730,3370,43820,3590,25770,2010
41,494,49930,3640,55.293,7.174,35490,3420,28450,2870,17470,1930
19,1054,80940,550,44.765,-1.211,42810,3450,39530,2300,21840,860
46,950,584240,7550,52.03,-4.018,40400,4790,35290,3930,22330,2430
53,1130,311250,4570,114.1,0.0810013,35590,1220,33440,1240,20850,620
33,293,13850,880,17.571,1.369,39750,930,36260,1590,20900,1200
23,1130,160780,-3190,48.39,-3.353,39110,2860,35730,2510,20570,470
15,767,598730,15490,103.841,1.593,41060,3280,26010,2160,18320,1730
6,653,228960,22180,96.697,4.146,22590,670,19180,440,17150,1550
44,162,4790,600,11.712,1.037,60900,5700,58410,5970,34380,3690
47,767,138910,2480,108.465,-6.593,38440,4790,25470,1950,16860,1500
50,705,118110,28750,32.372,7.476,25560,910,20470,270,16240,1470
41,653,72640,6820,80.447,12.033,18020,940,17820,2020,15830,1670
54,1130,13230,-970,46.793,-3.465,49450,6770,45880,5540,22780,2470
51,705,87970,940,30.353,-0.842999,28390,950,23900,430,19600,1040
33,687,26280,-1700,33.349,-1.614,22670,790,20640,970,16710,720
18,320,7320,-200,5.383,-0.192,76220,-630,58200,1410,32930,2150
16,336,159600,-3610,54.938,-3.607,46960,4210,41610,2570,18860,580
42,705,14040,1700,30.267,3.375,25780,450,22510,-230,17680,760
34,320,104370,-1740,11.846,-0.656,125790,5510,99760,1710,44170,-1120
19,612,35650,330,19.716,-0.484001,33980,2210,30140,1680,17670,1170
21,767,59980,720,102.279,1.684,31670,40,23620,580,17100,1230
41,923,1640,-100,1.815,0.00500011,22390,370,18440,-760,15960,1610
9,810,82470,-15490,122.236,-31.5,48950,4840,45550,3870,25590,0
10,687,298710,10510,38.969,-0.210999,23680,750,21210,640,17270,1420
6,923,4510,1300,1.906,0.469,28230,1460,24960,1830,17540,1810
4,336,70830,-130,61.128,-0.704002,44390,4110,42630,2660,18130,1170
40,586,199750,-4500,35.33,-1.323,27820,1390,26480,1450,18230,770
13,950,27990,-3500,45.694,-7.878,60350,3040,60010,2640,32120,1410
17,432,18340,340,12.123,-0.113,37590,520,32240,1280,17290,1090
10,293,83830,3220,10.936,-0.0220003,42370,1900,38350,1300,24860,1080
46,586,280070,-19890,24.942,-4.21,27580,3950,24600,3630,17270,2300
2,320,2190,160,6.747,0.148,95920,17740,87590,20200,46560,5360
26,432,8020,-260,7.327,-0.223,39170,150,32650,-490,18090,1270
41,71,39510,-3880,43.762,-1.343,38110,3020,32270,2080,18900,1080
19,950,67720,-11150,37.456,-7.646,42330,3760,38880,2580,23970,1910
6,71,160300,28660,67.699,8.78,73970,6020,67170,6030,37030,1900
40,1054,226070,-4870,39.986,-1.455,44220,3040,41860,2450,23470,560
25,432,36430,-2200,13.344,-1.358,49230,580,44760,1930,21620,-440
2,2,18030,-3440,55.485,-14.201,104790,21940,93900,19250,51230,13570
46,1054,479380,42190,42.692,0.202,42810,4000,39090,3010,21750,1760
35,1130,330170,-9280,81.909,-5.202,32970,2390,29450,1550,18510,1050
43,1130,185950,6200,99.097,-0.606003,35220,2480,32280,2140,19070,1200
13,612,21470,840,35.05,-0.0489998,42340,2450,38130,2040,19770,-400
44,222,4190,150,10.226,-0.0679998,52250,4340,48430,5230,27870,3370
18,2,61180,-1390,45.003,-1.393,98040,10980,84630,8570,45440,5390
10,1298,463740,51570,60.499,4.467,31930,920,26000,-220,17720,1200
34,2,445250,38230,50.534,2.576,139350,13640,119780,12090,61310,3900
52,129,9830,2210,13.893,3.071,65790,8290,60230,7480,31510,2360
32,129,134440,-1080,34.745,-0.447002,92610,8220,87590,6010,48590,2470
1,810,282940,-19630,152.321,-10.036,31750,2460,28960,2160,18220,1720
40,612,119340,1240,21.107,-0.0849991,42210,700,36590,-1720,18180,-190
49,810,8040,100,211.105,27.383,31350,1490,27610,1400,18130,1220
22,810,403680,-7190,157.843,-6.28,38280,2770,35650,2190,19550,470
33,1298,44270,590,56.176,1.605,34210,2680,29030,2780,17640,1350
7,1130,96080,-7580,58.356,-4.506,41190,3000,37710,2460,21800,800
46,612,287940,34860,25.643,1.047,41120,3170,37000,2360,18470,950
3,336,140280,-5600,55.514,-3.33,45010,2790,38690,460,20950,210
24,129,101050,17880,24.806,3.446,72770,4160,70170,3340,37370,1640
13,1054,23170,3380,37.82,4.157,51030,3870,48660,3400,26870,630
14,336,39990,4470,63.66,5.855,39060,-4840,34560,-8920,17680,-950
19,586,50980,930,28.196,-0.424002,27070,1760,24970,1080,17980,1230
45,810,450300,-1530,163.777,-8.33801,32760,2540,29700,1740,18640,1080
39,2,98370,24590,58.434,13.015,96360,2540,85280,1480,42080,-410
28,1130,17970,1600,40.531,2.66,36680,3920,32280,2570,19630,1790
52,293,9310,-3190,13.153,-4.598,35870,5560,32520,4960,20340,3650
30,1130,40550,-190,34.083,-0.445999,34900,1910,30240,840,18760,670
2,612,7720,-650,23.755,-3.421,53740,7370,50330,6930,24640,380
3,705,83540,14680,33.057,5.283,24650,-1910,21200,-770,17230,1390
8,1130,18330,-4430,43.192,-11.978,35780,1880,30030,2480,19370,1240
14,705,19840,6390,31.59,9.703,21910,270,19140,170,16100,1260
13,2,36260,7030,59.191,9.456,89160,830,76760,580,38970,950
52,687,21620,710,30.55,0.861,22630,1290,20520,1630,16260,660
18,612,27970,970,20.577,0.559,37420,1320,34290,1670,18460,720
39,1054,60250,-630,35.789,-1.687,46220,2720,43820,2460,24540,600
34,612,280170,19340,31.798,1.065,52590,5750,45040,2480,20540,20
19,320,9510,-570,5.26,-0.504,73050,2290,56570,4930,31790,3270
44,71,17890,2160,43.705,3.667,59590,7610,54560,6730,35770,2350
24,687,121720,-3890,29.88,-2.379,26140,120,23430,-30,17000,540
40,2,216750,14770,38.337,2.092,117050,17220,101700,16210,49090,7300
2,1054,17170,1350,52.847,1.504,57100,3380,56280,3810,31180,3240
32,687,128630,-2240,33.244,-0.742001,29050,1460,25810,1120,18370,1530
46,2,475640,20270,42.359,-1.898,114480,13630,97120,11160,47560,6220
41,222,7380,-2200,8.176,-1.782,44550,2350,37730,1590,20590,-80
6,222,28760,220,12.147,-0.625999,71920,2740,64100,1410,33440,2660
24,293,56950,-4110,13.98,-1.701,44730,1400,43220,2470,22810,530
18,1054,59780,1460,43.971,0.733002,44320,3340,41870,3400,23540,1490
26,767,113600,-2580,103.832,-2.088,28910,2040,21070,1240,16430,1940
39,612,28890,-410,17.162,-0.872999,49190,5000,46600,3850,20480,560
32,293,60010,-50,15.511,-0.0860004,52760,3000,49430,2650,26020,790
34,1054,297770,-1510,33.796,-1.467,49750,4080,45930,3030,24540,1190
25,767,270540,5390,99.097,-1.809,39500,1200,26290,1370,16900,1640
42,336,32600,1160,70.28,1.742,61360,3390,61360,4200,25750,2840
16,705,74320,11450,25.582,3.031,22510,-720,19520,-250,16140,1320
18,586,42700,1490,31.408,0.851002,26540,1920,23780,1080,19130,2210
44,923,1470,160,3.603,0.267,27960,2300,26460,2220,20450,2130
34,586,338760,28250,38.448,1.862,29240,600,26750,-700,18690,870
17,767,149220,-7810,98.643,-8.099,34100,2110,23570,1600,16660,1190
46,320,77600,9890,6.911,0.33,100760,10810,76050,9820,33620,2740
4,705,34100,8300,29.428,6.95,20100,450,18360,1130,15810,1410
24,1298,260480,3490,63.94,-2.058,33920,1010,29300,570,17840,1310
48,810,42320,-3240,140.579,-14.323,35650,2990,33520,2800,21400,1430
2,586,8140,710,25.033,0.910002,39340,3670,36090,3960,25140,1770
33,129,14890,1080,18.893,1.641,73630,2870,69450,5180,36330,1140
32,1298,300040,14800,77.546,3.473,34370,1170,29360,430,18300,1710
39,950,65790,-2870,39.077,-3.186,49890,4080,46260,3980,26080,900
40,320,41760,3590,7.387,0.538,98200,450,75330,-340,35490,670
21,432,7340,-280,12.509,-0.43,38110,340,32790,570,17350,1460
2,950,23450,1140,72.166,-0.227997,63590,4370,62220,3980,36350,1950
10,129,172340,18310,22.483,1.544,72490,7440,68370,7080,35770,3230
44,494,28470,3460,69.559,5.906,64030,6240,50090,2570,29750,2070
52,1298,52540,-6180,74.231,-9.142,32850,2930,28560,3500,17570,1640
19,2,82000,1260,45.352,-0.824997,89430,7590,78260,6400,40120,3330
29,1130,78940,2380,83.715,0.209,33520,2520,30690,1760,20550,1440
13,320,3870,-220,6.323,-0.635,81350,5980,70290,7100,35960,-390
39,586,42140,-1840,25.03,-2.045,33150,3700,31620,3660,21370,2250
47,432,18280,670,14.275,-0.578,44530,1700,37560,-900,18050,-310
50,336,237710,2970,65.153,-0.241997,51780,1180,46130,470,20630,1110
6,162,56640,150,23.921,-1.363,87120,7420,80470,6250,43580,1410
44,653,40170,1300,98.148,-0.778999,19580,1240,18600,1440,15990,1430
41,162,13580,300,15.041,1.233,53820,3790,48750,4130,25120,3530
15,432,66830,-2150,11.591,-0.501,54690,4900,45040,3690,19420,1590
34,950,304510,-17200,34.561,-3.345,59720,4800,53280,2920,27540,1320
18,950,59060,-5960,43.443,-4.767,42060,2860,37580,2970,24070,1500
51,336,179780,14430,62.029,2.755,51280,2470,47270,1800,27090,1050
35,1054,166500,6290,41.305,0.189999,43040,2720,40270,2120,23360,630
51,293,44940,-780,15.506,-0.881,44900,1430,42660,1120,24240,-270
7,612,36660,-160,22.265,-0.0620003,48720,2560,47520,1670,21040,-30
46,1130,681300,3980,60.674,-5.154,35750,3870,30460,2730,18130,1500
53,950,89730,-8910,32.892,-3.781,49830,2650,46820,1840,27150,140
23,950,104620,6400,31.488,0.493,58010,4370,55010,4000,31440,2070
16,129,51590,5700,17.759,1.299,69490,6790,65860,5570,36820,4650
31,923,690,60,1.104,0.0829999,31890,2990,30210,1720,19380,3390
12,653,6220,-220,103.856,-1.821,18270,940,17870,1970,15840,1660
36,950,47060,24410,106.852,42.797,50650,8330,45560,7710,29050,5010
40,1130,404050,-12100,71.465,-3.21301,37080,2700,34760,2460,21030,1740
50,293,50440,590,13.824,-0.0639992,47000,3040,43520,3620,26890,3150
27,71,128030,9760,47.888,3.565,64940,7010,58710,6540,32250,2850
11,923,9350,-30,2.347,-0.0650001,28660,1940,24600,710,16690,1970
51,687,82320,4620,28.403,0.551001,29590,1390,27060,1070,19720,850
37,222,33380,-4460,6.419,-1.013,62520,2270,56090,740,31890,880
54,950,32860,-3650,116.236,-13.039,49140,5410,46100,5810,28730,1670
4,129,21420,400,18.489,0.176001,65290,7990,63390,8840,33520,2100
33,705,35580,5950,45.157,8.142,21660,430,19090,510,16510,580
12,494,1800,270,30.11,4.932,60650,4630,42510,1620,22260,1930
43,1054,83530,-780,44.513,-2.252,41420,3060,38710,2330,21670,1090
50,687,122900,-530,33.686,-0.701,24600,1210,22360,1430,16580,1420
35,612,100960,8670,25.048,1.364,34740,450,31620,-80,18240,250
20,71,63050,5650,32.911,2.25,59170,5750,53280,4560,31020,1600
7,1054,51420,-1110,31.23,-0.627001,49960,1820,47840,1230,26820,560
10,705,216550,14190,28.251,0.741999,24610,410,20620,340,17180,1550
31,494,35520,-220,56.645,-1.051,82040,10570,64850,5400,34790,2600
54,586,6340,-160,22.415,-0.602999,30030,2890,28480,2460,21330,2190
30,2,57090,1780,47.995,1.115,95970,3880,82730,3510,41560,1000
45,767,273830,9980,99.592,-0.917,34300,2880,23660,2100,16640,2040
42,687,14930,-440,32.191,-1.302,30080,2390,27770,2220,18570,1130
11,653,364290,26990,91.455,4.72701,19890,410,18370,1360,15940,1610
28,2,15110,-920,34.076,-3.002,79310,8390,71760,8530,32900,3750
23,586,105540,8720,31.764,1.213,33480,1490,30570,880,22440,700
22,767,256510,5490,100.297,0.0239944,37930,2420,25450,1050,16730,1570
49,767,4000,-560,105.044,-0.392998,26650,720,20730,-280,16430,940
5,162,322040,8570,21.299,-0.271,95670,9990,91910,9970,50430,5000
53,586,76390,-16330,28.003,-6.469,29310,2400,28030,2330,20410,1670
12,923,50,50,0.768,0.768,30410,30410,28300,28300,17740,17740
31,653,55160,2230,87.979,2.516,22510,400,19520,30,16160,430
38,222,12170,1760,7.716,0.891,63940,6510,50170,850,27620,720
13,1130,15280,-330,24.943,-1.618,36190,1080,31430,1350,17990,450
43,612,46240,1680,24.641,-0.0759983,34550,1870,31670,1350,18570,800
11,494,221060,25020,55.497,5.091,72600,7540,57190,3670,28020,1150
42,293,9170,-670,19.767,-1.689,48250,3840,42710,3380,24750,1400
1,767,214030,2320,115.223,1.62,32660,3270,22300,1550,16470,2000
36,586,12080,-480,27.425,-8.087,30360,5940,29020,5280,21890,3530
8,2,17900,-960,42.177,-3.543,133340,16800,118600,14040,65530,8420
29,320,4980,750,5.282,0.663,73070,-690,57820,6850,32340,4520
23,1054,96530,-2130,29.053,-2.081,51560,3590,48860,3110,27930,800
53,1054,101880,760,37.349,-0.246002,44020,2000,42000,1840,24710,730
32,336,297810,12130,76.968,2.78,57620,3930,54930,4440,22370,-90
8,320,5020,370,11.826,0.565001,110310,7020,92440,13380,42880,8980
29,2,38190,4450,40.505,3.697,99300,11950,86840,11290,44100,8070
35,950,136410,-27920,33.842,-8.33,36790,2720,34120,2500,21900,850
19,1130,191520,21160,105.931,8.504,34620,2030,31800,1670,18980,700
20,923,3440,-320,1.797,-0.213,35960,6100,33780,5210,19610,3550
27,494,180870,11670,67.651,4.242,65800,6250,53440,4840,28270,3950
24,336,232450,-2270,57.06,-3.22,53830,4110,46520,2660,20710,-650
3,129,82500,24680,32.649,9.325,77960,6760,74580,7860,38710,2760
47,810,230900,11060,180.302,-5.09999,32420,3170,29670,2360,19500,1580
36,1054,23730,7640,53.887,8.395,50240,9730,45980,8640,27500,6310
14,129,12190,-860,19.414,-1.819,66150,9090,60470,9340,30420,1550
30,320,8940,1820,7.516,1.485,94810,1830,75550,-3450,38260,-4030
7,586,49420,-5810,30.015,-3.477,33850,2000,31740,1320,23750,1360
15,810,894180,-33090,155.081,-7.47701,36490,2230,33140,1870,19710,1130
54,1054,18460,380,65.292,1.296,51320,5800,48140,5240,26920,2940
37,162,90770,6290,17.452,0.860001,72890,5020,69250,5270,39950,3370
28,320,3540,-20,7.978,-0.263,61260,4430,51880,4490,30110,1360
27,653,257860,7880,96.445,2.764,20470,1060,18560,1300,16190,1120
43,950,67390,-9620,35.911,-6.806,37440,3010,34270,2380,21250,470
42,1298,22950,-690,49.467,-2.056,33740,2290,31160,1940,18170,930
12,71,2380,290,39.766,5.482,47460,2480,43940,3500,22070,-1670
31,71,29220,1110,46.599,1.214,68200,8550,62020,7170,38500,4060
23,612,77980,2530,23.469,-0.34,50220,4400,49100,4800,21870,80
51,1298,196360,1210,67.748,-2.207,38370,2230,33490,1420,20390,1060
53,612,51290,-2030,18.804,-1.02,39470,680,36440,-200,18020,620
7,950,46610,-4110,28.307,-2.455,53240,2510,51670,2120,30070,660
20,494,123270,11540,64.343,4.659,61340,1190,50100,180,28210,1260
27,923,5470,1200,2.047,0.446,27280,500,23620,330,16930,1100
43,586,52700,2260,28.085,0.108999,25970,1710,23030,760,16960,730
50,1298,216120,-2460,59.234,-1.661,35030,2450,30010,1730,17930,1680
36,612,6320,740,14.348,-1.421,40490,4950,36880,4470,20070,2840
35,586,148370,2240,36.809,-0.691002,24980,990,22640,480,16640,490
9,767,26090,1460,38.678,0.031002,42890,-130,28240,-1310,18710,1400
5,222,180720,-7040,11.953,-0.967,78240,5350,73210,5910,35230,350
54,612,6250,360,22.105,1.236,42720,2170,40270,1540,21990,3170
48,432,5250,90,17.447,-0.0959988,44990,1730,38560,220,20240,-1030
20,653,179270,16880,93.576,6.825,19900,1250,18260,1810,15910,1640
52,336,40530,490,57.262,0.419003,43030,2740,41490,1640,20370,60
11,71,215240,32260,54.036,6.988,70950,1870,63040,2820,34210,-630
21,810,92680,-6100,158.052,-9.62199,33140,2710,31330,2420,20040,1400
38,162,29590,6350,18.757,3.522,81490,13960,71810,9450,38460,5850
3,687,78100,-13780,30.906,-6.155,23920,400,21570,780,17270,1390
5,71,858040,116650,56.749,5.734,79730,8080,71490,7020,40200,3190
43,320,12530,1090,6.679,0.333,74940,3280,52220,1980,30010,1980
29,612,15120,400,16.033,-0.0189991,41590,4830,37060,3730,18800,1340
28,950,28100,960,63.383,0.597,45370,5820,42420,4930,25610,1940
11,222,20280,-5130,5.092,-1.443,61740,1470,55660,220,31480,800
14,293,12810,1590,20.393,2.138,41340,3660,38160,1620,20110,1200
9,432,29590,2050,43.865,0.650002,85950,6050,75710,2610,35320,700
37,923,4130,-260,0.794,-0.068,29690,1080,24640,620,17690,1890
48,767,28260,80,93.864,-1.95,35990,3530,25550,1930,18840,1280
38,494,94120,5930,59.669,1.849,65730,8180,50040,5190,26170,2620
30,950,53230,-28300,44.742,-24.358,49990,-1270,48150,-480,26990,830
3,293,39260,7750,15.536,2.826,40960,1520,38230,820,23240,940
31,222,4030,-540,6.422,-0.951,62420,2570,57260,2870,33360,870
17,810,221360,-11240,146.329,-11.779,32940,2860,30800,2790,19120,1500
20,162,34790,40,18.157,-0.407,80310,12090,72720,9310,37070,5100
8,950,15770,-1410,37.168,-4.474,46020,2160,43210,2840,26530,1580
35,320,25050,3140,6.215,0.592,82780,4190,56410,3360,30790,1020
14,687,20660,-70,32.884,-0.850002,24550,580,22520,220,16670,1330
52,705,26520,7410,37.473,10.346,20500,880,18390,1360,15950,500
38,653,147720,15210,93.652,6.78,19560,1460,18370,1990,15930,1670
38,923,2810,-1430,1.779,-1.004,29410,3140,25850,2080,17360,1950
23,2,235850,53210,70.986,13.351,123950,6310,108050,5130,54770,610
32,705,109810,-9740,28.379,-2.667,30580,770,24800,680,18030,1890
53,2,123500,14740,45.275,4.84,98720,6480,87490,4950,41660,2180
29,1054,38620,260,40.955,-0.883999,42930,3850,39680,2940,23480,1970
37,494,347710,30270,66.856,4.509,71280,5110,57590,3970,32130,1830
8,586,13200,2260,31.1,4.59,30000,600,28090,-20,21020,160
12,222,350,-10,5.866,-0.0669999,49610,3170,42300,2920,21860,-3200
36,2,19250,4940,43.716,3.253,97320,14200,84380,12750,48360,10580
4,1298,104030,-3010,89.771,-3.49799,30790,1970,27110,1520,17460,1440
24,705,105680,2420,25.942,-0.576,23960,-730,20750,260,16530,530
37,653,482390,18710,92.751,1.68,20910,1220,18730,1330,16980,1510
54,2,12200,-510,43.165,-1.83,92260,14950,82260,11980,42320,7920
30,586,22200,-1640,18.663,-1.542,33420,3930,31360,3300,20290,2970
7,320,13970,350,8.487,0.23,102800,6050,82380,8360,39260,890
27,162,35150,-4370,13.145,-1.666,75200,7510,70890,6450,40230,5660
16,1298,248120,3330,85.405,-2.402,33600,1960,29440,1100,17630,1200
28,586,11180,-3310,25.219,-8.295,27290,3050,25690,2600,19760,2480
7,2,112240,-3180,68.166,-1.832,128210,17240,112960,15870,56850,8860
5,494,737820,81740,48.798,3.653,92690,9810,82430,9020,37050,930
10,336,406890,15900,53.082,-0.0709991,46750,-170,43130,500,20710,1010
1,432,15760,-3240,8.487,-1.709,41750,1880,34630,330,17390,1530
38,71,64930,3910,41.166,1.161,59730,8010,54350,7720,30230,2980
30,1054,46460,-370,39.055,-0.639999,49450,3760,48160,3340,25590,1690
22,432,31340,-690,12.252,-0.543,57330,5160,50520,3860,21910,1320
49,432,170,-140,4.59,-2.601,42210,4630,40280,4480,25640,5430
16,687,87350,1300,30.068,-0.799,24720,1020,22480,1200,16540,1360
54,320,1860,140,6.596,0.498,73480,11580,57420,8170,31380,6150
11,162,56090,100,14.081,-0.316,76020,8130,72000,8010,38780,3340
28,1054,20380,490,45.975,-0.0510025,43070,3660,39050,2110,21940,1680
4,293,13200,-840,11.388,-0.849001,39110,3900,35520,3920,19990,1920
20,222,10820,-1450,5.646,-0.91,64070,6630,57500,3500,32340,1690
45,432,28860,90,10.497,-0.464001,49260,6880,38790,4720,19170,2090
5,653,1416130,166540,93.661,7.676,23500,1580,20050,670,17500,270
39,1130,108030,-9290,64.171,-8.047,35920,2270,32970,2230,20660,1010
31,162,12180,-10,19.432,-0.252001,73770,5210,69520,5720,41510,3020
29,586,24350,-1460,25.823,-2.328,27560,2230,25810,1660,20170,1940
50,129,195470,14350,53.575,3.117,94700,6950,92220,7070,48170,3280
36,320,1900,470,4.316,0.281,70670,3120,57040,4920,31760,5650
23,320,24810,480,7.469,-0.207,116820,16900,87990,7440,41960,3860
51,129,136530,24570,47.106,6.973,99780,15530,99410,16150,50920,3680
16,293,32910,2780,11.328,0.519,41590,2490,37910,2370,23810,1030
53,320,13250,-1150,4.858,-0.495,79280,2470,58550,2050,33310,2440
8,1054,16880,320,39.789,-0.354,48670,3870,46780,3850,26780,2660
4,687,34930,280,30.144,-0.0480003,21840,960,19380,490,16140,1450
35,2,175970,-5740,43.656,-2.976,116290,15120,100420,12240,54670,8070
29,950,39420,-3080,41.81,-4.544,39430,1520,36000,2390,23180,1220
26,810,157060,-13060,143.556,-11.54,30450,2360,27680,2180,17740,1110
37,71,240310,20390,46.206,3.012,64880,4410,59950,4340,33560,2320
42,129,13420,3250,28.932,6.763,81330,6240,78680,6040,42870,2550
25,810,409100,-3960,149.854,-7.34599,36960,2990,35410,2900,20960,1450
12,162,840,-30,13.995,-0.298,57530,7090,51900,5650,31290,8990
2,1130,13230,1660,40.706,3.171,42680,2770,34580,4140,17790,930
30,612,38900,980,32.701,0.560001,40170,-540,33300,-110,19340,790
5,923,210650,28330,13.932,1.387,21300,490,18990,290,17370,450
14,1298,42310,-2900,67.365,-6.207,32410,3350,29760,2430,17840,1210
28,612,8290,-260,18.708,-1.072,38610,2920,35270,2070,19210,1210
3,1298,144030,820,56.995,-0.771999,34990,2440,29320,1390,18000,1710
34,1130,337330,-37950,38.285,-5.933,36590,2860,32220,2130,18520,1000
33,336,54060,-2650,68.608,-2.251,46040,1650,42660,-1630,18110,1560
18,1130,113220,-5360,83.278,-4.646,36510,3460,32760,2940,20700,2450
27,222,15880,-3150,5.94,-1.191,62260,4440,54940,3230,31510,2210
43,2,80380,-80,42.837,-1.794,94200,3350,82170,2930,37980,-3340
8,612,9960,610,23.462,0.787001,39670,560,33120,-1710,19400,-600
52,1054,36130,-190,51.044,-0.528,38520,2210,35220,2340,19400,1310
12,432,660,80,11.04,1.59,30260,1240,26430,1220,16900,1090
4,1130,112550,-12030,97.132,-11.42,31400,2740,28480,2500,18490,1240
39,687,50990,920,30.286,-0.536001,27460,1950,24610,1620,19230,980
46,129,332970,67940,29.653,3.895,81600,5910,77290,4600,39560,2260
33,320,5020,-400,6.366,-0.404,74850,7790,60870,3370,32120,2280
24,612,72840,-2790,17.881,-1.542,42660,1800,39380,-1730,18660,600
16,1130,371350,53040,127.823,13.644,34380,-110,30980,-290,19400,30
40,129,143230,19990,25.333,3.218,76560,3450,72830,4070,39310,2850
32,612,105720,1960,27.322,0.376001,55710,3480,42530,-2270,20270,580
39,293,33930,1510,20.156,0.202,43650,2680,40390,1710,21970,-200
11,432,44480,4510,11.167,0.891,50400,1270,44690,3230,21320,2690
2,293,6600,160,20.323,-0.576,50230,6740,47160,6760,28210,3320
52,612,17680,3550,24.981,4.918,31960,2210,27900,1070,17320,1360
9,222,22920,1300,33.974,0.0470009,99260,6320,95790,7150,41080,-3890
5,767,1574030,112170,104.104,3.51199,41320,2510,28250,1920,18210,650
22,162,56230,-3730,21.987,-1.963,92470,11440,87310,11770,49180,6620
49,162,150,-170,4.02,-3.279,56230,-9870,51850,-6810,29770,-5680
10,320,79660,9970,10.393,0.919,89590,6750,62010,2890,33340,2080
1,162,40680,850,21.9,0.525999,82670,9980,78970,10430,40750,8650
34,687,319150,25290,36.222,1.597,32200,2800,29210,2240,18140,1430
48,71,14760,3250,49.018,9.885,64460,5400,58010,3810,35870,2880
54,336,19790,1950,69.995,6.828,46620,240,45380,-2270,22700,2940
13,129,8980,960,14.666,1.014,73760,7320,70660,6250,40800,3790
18,687,42140,-880,30.996,-0.903999,24650,1410,22260,1320,16550,1450
2,687,10600,450,32.63,-0.320999,29830,-320,28410,1380,19500,980
24,1054,155770,8160,38.238,0.330997,43790,-160,40890,-950,22140,40
36,336,22490,1290,51.065,-8.872,48870,8280,44550,6270,26380,4600
31,432,7410,1880,11.814,2.883,47600,1540,39530,-2100,18780,-3400
23,336,224370,5320,67.529,-1.594,62980,4750,57200,3310,24240,-70
45,162,42700,9820,15.532,3.006,74530,7500,70380,7570,38200,4220
29,705,25270,7320,26.797,7.22,23940,2460,21100,2300,16420,1820
34,293,166570,-11370,18.905,-2.061,50120,4280,46020,3820,26640,2330
32,1054,139510,4330,36.057,0.953999,51210,4220,49110,3790,26700,1680
53,336,159270,3300,58.387,0.401001,50110,2870,44540,990,22300,830
18,293,16150,-920,11.878,-0.776999,39640,3600,37300,3400,24810,3980
2,1298,23740,1370,73.053,0.459999,51420,7350,41250,4040,22480,1230
8,705,10720,2150,25.263,4.5,28310,1870,23590,1090,17300,1060
37,767,510170,-15050,98.093,-5.06499,36770,2690,24190,1450,17490,1980
14,1130,41830,2030,66.598,1.831,32670,2190,29580,1540,18780,820
24,586,142250,5120,34.918,-0.299999,27770,1250,26520,1030,18410,800
48,923,1060,130,3.52,0.349,30540,3240,25500,1420,19090,1170
52,950,49590,920,70.067,0.964005,43690,2470,39370,780,21870,580
32,586,141300,18880,36.517,4.727,29930,1550,27950,1410,20430,560
28,705,13640,2500,30.765,4.994,24680,3230,21840,2890,17360,2280
27,432,34510,-1930,12.909,-0.747,45530,370,38770,1360,18440,470
30,705,71700,5910,60.27,4.513,25840,710,20110,800,16230,1690
44,810,65750,-2660,160.659,-13.461,28710,2120,27340,2290,18980,1530
3,1130,106530,-7000,42.156,-3.639,35130,2380,31200,1710,18970,1250
19,129,30090,2640,16.641,0.945001,64080,3290,60610,3420,32620,1290
7,336,123970,-3980,75.29,-2.304,60050,3340,55680,2470,23350,200
34,1298,461940,30080,52.428,1.544,39040,2130,33480,1320,18530,920
10,2,252680,33520,32.964,3.171,112140,8610,97550,7640,48370,4070
18,1298,94690,2370,69.653,1.204,34220,3140,30010,2540,17890,1700
49,222,880,630,23.133,17.393,29170,-17440,18650,-24730,15910,-11120
22,222,41170,260,16.099,-0.243999,83330,5170,76600,6070,39930,3200
9,162,12480,150,18.501,-0.845001,102330,7130,98920,6050,55140,6760
43,336,111640,5920,59.496,0.855,45420,2160,44390,1890,18300,470
38,767,160390,2320,101.687,-1.94601,33240,4450,22870,2720,16600,2140
48,494,18620,1840,61.853,4.792,72220,2720,59440,2580,33510,2240
33,2,38800,-1300,49.24,-0.855,92640,8780,80830,6460,41250,1840
1,222,8920,-1450,4.803,-0.762,59680,2950,51360,2590,30300,780
52,586,22320,-1220,31.531,-1.889,24100,2040,21870,1890,16510,740
24,950,119030,-1570,29.219,-1.752,47520,890,44770,1050,25600,330
20,432,21350,5400,11.143,2.621,49590,10600,37710,4370,18500,100
35,336,257010,-5370,63.761,-3.573,45740,4450,40110,1650,21660,2550
32,950,109250,-11550,28.234,-3.136,57490,3680,54330,3240,28480,1310
48,653,26150,1640,86.849,3.516,26290,1660,22860,1050,18620,1290
39,1298,117220,-4000,69.632,-4.989,34330,2100,30990,1490,19580,910
45,222,15260,1460,5.55,0.292,61820,5130,54840,5760,29060,1550
19,293,26090,2660,14.431,1.031,39580,1630,36250,610,23840,2120
20,767,212780,12980,111.066,4.331,31610,3480,22560,2130,16510,2070
43,705,45530,4570,24.264,1.546,22390,30,19210,180,16100,1430
9,653,53590,11960,79.429,14.089,27940,1320,22500,-600,17970,1910
33,1054,31960,-2010,40.564,-1.879,42790,4240,38730,3090,21760,2280
45,71,99820,11180,36.306,2.541,62350,4250,55910,4100,31610,2370
38,432,14120,1310,8.953,0.554,42920,5130,35700,4290,18210,1150
19,687,52700,3060,29.147,0.758999,23050,1160,20700,750,16300,1470
22,71,161250,18650,63.049,6.087,78450,6040,73230,7320,39250,1700
49,71,1430,-380,37.485,-4.405,50280,2240,45210,2010,27430,710
13,1298,40000,4330,65.294,4.608,41720,7620,32860,2900,18690,1290
9,494,31010,5690,45.964,6.221,90530,13540,75160,9120,43890,8800
52,320,6180,700,8.73,0.946,66810,8380,53290,6710,28550,1450
48,162,6840,970,22.734,2.789,69250,-3860,63170,-3360,41990,3230
35,705,97600,13890,24.214,2.733,23850,800,20080,900,16230,1490
10,612,227070,10180,29.623,0.137999,40390,2040,34130,480,18530,340
1,71,67730,5740,36.463,3.199,68130,6570,62170,6380,35280,3550
40,1298,418450,13980,74.011,1.43,34300,2350,31350,2270,18090,1050
32,320,29900,-1820,7.729,-0.508,113750,11920,93540,10600,42390,2160
8,336,27620,4310,65.092,8.595,51070,460,48820,2460,22280,350
24,320,24800,2210,6.089,0.288,90590,2080,71550,4910,35610,360
33,612,23540,100,29.87,0.586,40890,4080,35260,1310,20420,1660
46,1298,786450,87250,70.038,2.084,33990,3300,28390,2570,17400,1830
27,767,270020,-10170,100.994,-4.007,34480,660,23540,640,16770,1470
30,336,50680,-1630,42.6,-1.74,47690,1710,44430,2190,25040,-1480
28,336,28760,750,64.874,0.0780029,44270,8090,39110,6570,19520,2900
37,432,58970,4240,11.339,0.59,44550,2260,39080,2160,18820,1590
9,923,0,0,0,0,38720,38720,34950,34950,19110,19110
41,810,166720,-18990,184.646,-8.39601,23570,850,19560,400,16260,1690
6,810,362760,-5860,153.206,-11.78,36790,1940,34360,1640,20580,760
10,1054,320430,22850,41.803,1.349,40610,2140,37340,1480,21720,360
7,705,62730,11370,38.1,6.953,28920,1900,24170,1700,18650,1790
31,767,80330,1280,128.115,0.489006,40160,3850,25560,640,16920,880
40,293,110390,3600,19.525,0.361,41030,2250,37600,2230,22850,1100
49,653,4010,-130,105.268,9.53,22320,880,19540,470,16160,690
50,1130,174680,-13880,47.877,-4.653,35540,2640,31800,1970,18950,910
22,653,211330,7890,82.631,1.366,22440,1060,19170,520,16110,1580
39,129,45460,8640,27.005,4.34,77580,6790,73940,5030,39850,2600
1,653,158910,11610,85.547,6.505,19650,1490,18190,1930,15910,1670
45,494,183090,10220,66.59,0.737,65160,4300,51430,2230,27750,1000
54,705,7140,520,25.245,1.807,25200,1550,22480,1180,16620,1280
51,1130,174640,15780,60.256,3.309,41800,3160,36730,2280,21980,980
46,293,101560,1000,9.045,-0.728,45770,2990,42580,4060,26980,2710
33,950,53380,-5990,67.741,-6.439,40470,4680,36180,3940,22290,3220
10,586,218470,6810,28.502,-0.271999,27890,1750,25350,1030,18750,960
24,2,200090,37330,49.117,7.319,103660,5640,91640,4540,44300,1250
36,705,14540,2850,33.009,-0.0359993,26500,5460,24620,6070,16750,2170
40,687,173440,-3770,30.677,-1.124,26880,1200,24280,950,17030,620
9,71,103260,22010,153.059,25.536,91780,8080,86850,7610,50810,6570
49,494,1080,-300,28.374,-3.641,56300,3690,46320,940,25260,-600
22,494,157630,10930,61.634,3.032,82500,2010,68980,-2280,33960,-980
53,705,112260,36220,41.152,12.883,23490,290,21560,1040,16610,1250
11,767,432780,26790,108.65,4.26,37010,2650,24260,1420,16630,1890
5,432,290160,21130,19.191,0.679001,70440,5290,55310,4350,24670,690
1,494,119810,6290,64.498,3.583,64400,4660,49770,2240,26410,1310
46,687,326910,26440,29.113,-0.0899982,22590,1170,20260,1090,16280,1600
45,653,246270,19230,89.57,3.084,19660,690,18310,1360,15920,1590
32,2,205530,3970,53.118,0.773998,138750,13950,123730,11410,68660,8440
23,705,102760,17180,30.929,3.925,29890,820,25970,1300,18460,470
48,222,2520,-1180,8.368,-4.207,60600,490,54330,820,34190,2340
29,336,58410,1060,61.944,-0.616001,45690,4280,43040,3590,20020,1100
19,1298,171800,23480,95.02,10.197,34240,970,28690,910,17850,1350
34,129,223570,20900,25.374,1.494,89110,10190,82350,8290,43360,2000
52,2,30460,2950,43.038,3.982,80130,8080,69060,6910,33940,2530
13,687,37690,5310,61.525,6.444,30730,1500,31650,2470,18120,-10
45,923,3330,250,1.213,0.041,28690,690,25510,610,17970,1830
18,129,32240,1870,23.716,1.201,70890,5920,66520,4450,35810,550
13,293,10890,-230,17.783,-1.129,45400,-230,43390,-340,20390,-3970
42,1130,30190,-1190,65.078,-3.319,35240,3160,31780,2460,18770,1460
1,923,6650,50,3.582,0.0410001,30670,1800,28220,1950,17760,1310
10,950,288430,-50920,37.627,-8.506,37000,160,33550,190,21330,180
49,923,50,20,1.295,0.538,25320,-9180,22360,-7820,16490,-5400
22,923,1700,-660,0.663,-0.28,31710,4330,29770,6200,18350,2370
2,129,5030,400,15.466,0.457,75380,8730,72740,7680,44080,4790
33,586,23100,-3280,29.316,-3.646,27370,3450,26150,4320,17980,1420
12,767,4560,-480,76.177,-6.61,21740,1800,18910,2550,16200,2120
15,1130,434790,-19970,75.408,-4.316,35640,1980,31800,2030,19170,1240
23,767,324060,4660,97.536,-3.253,45510,3590,28310,1580,18250,690
49,586,430,-160,11.347,-2.312,26000,1810,25580,2330,16940,520
22,586,68520,1870,26.792,0.167999,31260,1430,28770,920,20280,230
33,923,3160,30,4.006,0.099,21940,490,18800,1230,16450,740
11,705,88770,9740,22.286,1.967,23420,-460,19800,550,16190,1560
53,767,265270,-5340,97.245,-3.365,37200,3190,24620,2060,16710,1810
10,653,831850,119480,108.522,11.68,22500,1500,19090,750,17010,1610
1,586,49570,-1220,26.686,-0.566999,25230,2670,22850,2050,16930,1590
36,767,43130,5280,97.939,-9.106,36480,6830,27210,5950,17340,2690
52,222,5560,-560,7.862,-0.828,50650,20,44360,710,25250,550
9,612,27620,2470,40.935,1.458,58250,3950,51470,2410,26580,920
54,767,23880,30,84.465,0.00899506,34560,5220,25790,3310,17200,2180
47,1130,87710,3210,68.488,-2.772,34890,3060,31460,2580,19400,1270
5,336,912900,-70920,60.378,-7.319,58090,1480,52260,310,25700,120
10,494,475220,51300,61.997,4.368,71880,5470,57740,3060,29900,1700
31,705,18780,2350,29.944,3.419,25400,1110,22730,620,17020,730
45,586,74960,2820,27.263,-0.218,26620,1690,24040,1060,17290,370
19,810,273420,-12020,151.227,-12.009,31930,2470,29660,2090,18490,1450
44,129,6830,930,16.698,1.692,59320,6520,55510,5780,34210,2180
29,432,11060,150,11.729,-0.167,41410,3220,36660,2880,18840,2660
6,293,31260,990,13.201,-0.347,46140,4670,43610,5200,26210,3100
12,705,1450,-730,24.177,-11.575,22290,-8890,18360,-2880,15890,1260
24,222,30010,-2780,7.367,-1.054,58970,750,52760,820,25690,-1840
41,293,15730,-1750,17.424,-0.748001,28050,1770,26200,300,17390,980
21,1130,34970,-3290,59.644,-5.297,37250,2940,34550,2970,20320,920
45,950,85110,-13320,30.955,-6.542,38200,3560,34900,3160,22700,1580
48,2,12110,-450,40.223,-2.483,98090,9220,86160,9030,45000,5730
32,222,33140,-7930,8.564,-2.101,80300,3880,72920,2920,38500,740
33,494,43820,3150,55.61,4.793,73980,4750,60860,3820,29290,2080
6,687,78670,2410,33.224,-0.908001,26470,1590,23800,1350,17770,1470
9,1054,9500,220,14.085,-0.477,54460,4160,54170,3690,31390,1830
49,950,1190,-1430,31.324,-29.317,37450,-1700,35270,-1370,21320,-1020
22,950,109570,-17810,42.843,-8.041,46280,3150,41960,2660,24950,480
41,687,43580,510,48.262,3.491,18580,1230,17870,1880,15850,1650
10,923,24180,-11660,3.154,-1.718,22880,1370,19290,860,17040,1580
1,950,75010,-16610,40.384,-8.78,38210,4090,35040,4110,21770,1720
33,653,78210,4690,99.248,7.387,20710,1450,18770,1610,16420,660
35,767,438780,27460,108.855,3.3,37540,4540,24260,1330,16660,1830
6,1298,130560,5920,55.139,-0.646999,38020,4150,32420,2090,18720,2050
9,586,10980,1240,16.268,0.98,30970,1050,28470,1660,20520,2400
41,1298,48200,-6960,53.386,-3.954,21690,2040,18460,2000,16120,1890
45,612,64590,2060,23.492,-0.326,35010,2010,31660,2050,17680,990
38,336,94540,-2180,59.937,-3.474,40470,1220,37980,900,17760,1810
22,612,73020,4920,28.553,1.351,45990,1630,42000,-790,20100,-730
49,612,2610,40,68.576,9.034,33240,850,29430,1000,17080,1220
48,320,2010,-60,6.68,-0.347,78770,4290,59940,1700,37140,2960
46,810,1920990,133070,171.075,-2.69101,34330,2690,30920,2040,18810,1720
52,162,8150,-990,11.509,-1.464,67630,7900,63220,7670,32710,4260
43,767,208750,12220,111.248,2.239,31130,1310,21680,380,16440,1830
20,705,67850,17160,35.416,8.338,20940,-400,18580,260,15970,1440
10,71,401500,18640,52.378,0.329998,65740,6530,58730,6060,33670,2520
40,810,922830,-39660,163.221,-9.49501,35140,2580,32440,2390,19340,1120
1,612,43380,-230,23.354,-0.0450001,35730,2310,32590,1920,17690,1670
7,767,166160,-430,100.916,-0.111,44190,780,28350,1560,18800,1280
24,162,125610,12280,30.833,1.729,77450,5180,76010,5370,41840,1940
8,432,3610,-380,8.508,-1.156,46730,-5530,40980,-1760,19450,-1030
13,810,89460,-7320,146.04,-18.611,36360,2340,34840,2730,20820,1270
32,162,51200,-5510,13.232,-1.495,86590,8180,83120,8490,45450,5330
33,71,33850,6940,42.957,9.334,61610,-60,55930,-70,32270,-380
45,1054,118070,2910,42.944,-0.924,42090,2780,38960,2300,22590,1540
30,432,17160,250,14.424,0.0929995,52510,5190,46810,4010,21810,1440
27,705,88280,20800,33.02,7.73,22220,150,19130,160,16310,990
22,1054,99100,4900,38.749,1.119,47960,3170,45990,3220,24000,290
49,1054,1610,-610,42.191,-9.14,35630,-4610,32630,-4570,19980,-1240
9,950,11980,1180,17.758,0.807999,50980,1890,48280,980,28440,2310
28,432,6200,130,13.986,-0.0550003,36210,3790,30620,3160,17890,2330
37,336,313280,12220,60.236,1.106,55070,6160,50800,5020,21450,-350
1,1054,91080,630,49.032,0.499001,43490,4030,40490,3210,22570,1770
39,810,257870,-7550,153.178,-10.207,35910,2730,33830,2580,21650,1330
24,653,363130,21580,89.138,1.423,20930,390,18720,530,16260,480
30,767,129110,7740,108.534,5.66299,33410,1150,25220,1240,17100,1450
52,923,1390,330,1.958,0.457,26720,-440,25050,70,17100,910
32,653,284820,17040,73.61,4.071,24320,1020,20700,440,17700,1760
48,950,14050,70,46.673,-0.862,41270,2490,38830,2680,26400,1090
45,2,151850,10030,55.227,1.201,91250,9490,76460,7670,35820,3530
28,767,49960,2110,112.703,2.00201,32780,4320,23630,2400,17520,2330
22,2,144330,-1580,56.435,-1.851,121370,13720,111160,14590,56110,6610
49,2,2580,540,67.727,20.546,68840,-6600,61100,-6220,26250,-10660
27,336,159560,-6180,59.679,-2.434,46510,3020,39840,1830,19840,430
24,494,257300,16520,63.161,1.325,74450,5380,61090,3150,31760,1290
32,494,216630,19790,55.989,4.872,87810,7230,75390,4860,40090,2580
33,222,11100,-1690,14.085,-1.894,76240,4050,65580,1080,31630,850
7,432,24220,1000,14.711,0.631001,56460,2960,49430,3670,20640,-1220
1,2,67500,-7600,36.338,-3.96,107080,15430,93550,14680,51050,10510
37,705,115020,3250,22.115,0.163,24060,660,20160,-150,17180,1440
8,767,46900,650,110.526,-1.569,38800,3240,25990,1860,17240,1270
18,810,228350,5730,167.963,2.90199,32480,2820,29980,2430,18800,1540
43,432,17390,1160,9.269,0.267,42760,1650,36100,920,19770,1750
44,1298,29430,-140,71.906,-3.357,30780,2680,27750,2500,19000,2190
52,494,56350,6830,79.618,9.313,62870,5200,49800,4630,24740,1830
34,810,1527230,-64660,173.334,-14.234,39770,3530,36170,2620,19800,880
9,320,39110,1700,57.967,-0.740002,150450,15680,145660,12740,65200,11840
10,222,38090,-8190,4.97,-1.321,61410,3220,52860,1880,30920,690
25,1130,217830,6050,79.789,-0.808998,36170,1400,33950,1470,20530,-30
38,705,41570,6990,26.358,3.689,22520,2320,19040,1200,16070,1600
32,923,3120,990,0.806,0.253,28710,3930,25270,5370,18100,2130
52,653,65680,890,92.8,0.805,19520,1000,18200,1660,15910,480
26,1130,105970,-2140,96.862,-1.694,32780,3540,29230,2880,18170,1220
35,432,40150,2100,9.96,0.195,49350,4400,40390,2840,20010,1300
20,336,107560,-310,56.146,-1.478,45290,3780,45110,2660,18520,1760
24,923,4440,-810,1.091,-0.258,29980,2510,25970,3550,17460,1590
2,810,53410,1710,164.371,-3.422,41570,4240,39020,3880,25160,2400
48,586,7100,190,23.582,0.0720005,30920,2470,28610,1550,20980,900
17,1130,152920,-3180,101.085,-5.021,33980,1850,31900,2010,20970,1520
44,293,6050,430,14.791,0.481,37310,1860,35980,1660,23440,530
12,336,4450,370,74.222,7.227,38390,38390,35180,35180,17720,17720
48,1054,12390,300,41.17,0.0719986,45500,5080,42510,5250,26440,2980
9,2,78640,470,116.567,-6.12,134110,14600,128390,11490,69350,11450
24,71,182640,8000,44.833,-0.0159988,65790,1360,60200,1140,34170,1040
44,687,16520,420,40.365,-0.615997,23040,1420,21870,1450,16590,1260
32,71,225800,23360,58.357,5.787,78730,6000,72840,5450,43470,2150
33,162,21050,-680,26.709,-0.445,82530,8450,76490,7760,40640,4570
11,336,253040,-23200,63.526,-7.501,47090,3370,45860,2670,17960,1800
52,71,21300,920,30.102,1.165,57050,4170,52530,4590,27980,1710
1,320,8980,-360,4.832,-0.178,85050,-1070,63330,-570,31790,210
29,767,100530,90,106.61,-2.948,34360,3010,23950,2340,16680,2050
10,162,93600,-20360,12.21,-3.282,71510,6440,66220,5570,35310,2840
49,320,440,-30,11.51,0.622001,88180,6480,77800,6020,41570,2070
22,320,23540,-470,9.206,-0.386,89600,89600,65890,65890,36080,36080
54,432,3110,-20,11.007,-0.0790005,37320,3540,32850,4010,17850,2540
48,612,4800,140,15.943,0.0830002,40650,1910,36000,-20,21680,1040
45,320,13500,2190,4.91,0.603,86010,3160,66090,6160,31100,3810
36,432,4540,490,10.3,-1.15,36920,3720,31380,1780,17770,1090
6,129,96120,8000,40.597,1.155,88590,6760,85320,5600,45100,1300
23,432,47390,-5000,14.264,-2.268,58200,3080,50820,2770,22120,-2000
31,336,44360,-630,70.743,-1.901,49010,3500,45010,3990,21920,200
53,432,33740,-1060,12.369,-0.570999,45320,3890,39990,3480,19040,1440
41,129,9170,450,10.157,1.091,42880,470,37820,610,19730,150
5,705,417940,66290,27.642,3.445,26900,260,22510,30,17750,120
11,320,27970,1330,7.021,0.172,97670,-160,72440,2890,36070,4400
54,162,5580,540,19.745,1.885,72500,6240,66710,4650,38850,2640
29,494,57190,4770,60.647,3.469,66540,6230,53630,4120,31150,3490
37,1054,202300,2150,38.897,-0.413002,43080,1790,40860,1860,22700,720
1,336,109900,2390,59.165,1.477,45470,720,44650,920,17230,-1580
10,432,88590,-990,11.558,-0.620001,47930,1520,39810,-630,20610,600
17,293,22330,-2050,14.762,-1.809,40820,4720,37550,3570,21530,2910
38,612,36490,-2450,23.132,-2.399,36500,2760,32410,3020,19240,1910
49,336,2720,-370,71.366,-0.0429993,39340,2090,39200,3550,18720,-1790
22,336,169140,-6550,66.133,-4.047,59050,2590,53340,660,23010,490
47,129,38440,6250,30.018,2.872,72230,4500,70260,5980,32330,390
27,2,131660,28220,49.244,10.481,99610,6270,86080,5020,38340,-1850
44,1130,30580,1950,74.719,1.854,31490,2780,29660,2140,21200,1960
3,810,442090,-30330,174.948,-15.613,34630,2420,31940,1940,19890,1590
43,222,8600,-2930,4.581,-1.815,57340,5110,54320,6020,28900,1180
29,653,81190,5800,86.107,3.873,19920,1040,18400,1460,15950,1620
35,222,35260,-5800,8.747,-1.789,67530,6240,57950,4210,34520,1950
5,586,351230,-6770,23.23,-1.404,33940,3890,31170,3660,20550,1470
53,162,49390,2720,18.104,0.753,67430,3480,64660,4420,39260,2500
15,129,166350,24060,28.851,3.907,79670,4000,77860,5480,40760,260
45,336,150740,5130,54.825,-0.641998,44720,3590,43190,2600,18470,2180
23,162,73360,-910,22.08,-1.358,86120,5650,80410,4500,47030,3780
14,810,101340,3450,161.327,2.03299,31280,1560,29020,1560,18630,1550
36,162,6430,1620,14.604,0.992,65800,6910,60680,5550,37490,6990
17,687,46270,-580,30.59,-1.257,25370,1640,23060,1490,16680,590
31,320,3240,10,5.162,-0.0469999,80820,7140,63850,4270,36000,1820
25,1298,167130,6980,61.219,0.272003,37000,3820,33100,3340,18650,1660
26,1298,89410,-2390,81.722,-1.974,30820,2150,26310,1530,17080,1580
20,2,81890,-3050,42.744,-2.633,92760,10610,77520,8090,41780,4450
37,612,110840,-3630,21.311,-1.172,40870,1790,38210,1880,18460,980
5,950,529490,-67080,35.02,-6.03,54200,3530,50520,2860,27180,570
12,320,310,60,5.144,1.044,65400,-3630,53770,-3390,25280,-60
38,1054,72510,2460,45.971,0.0489998,41320,2460,38170,1990,21590,2120
30,71,41270,6230,34.692,4.991,63120,3750,56850,2050,33030,3170
29,923,3530,10,3.748,-0.095,30400,3810,28710,5380,18000,2030
28,71,17540,2430,39.56,4.597,58340,6970,51270,5010,30440,3690
7,222,12590,-2780,7.648,-1.673,82390,11210,75770,10530,42150,4810
33,432,8060,-1140,10.228,-1.271,46000,3830,37340,6120,18840,1540
21,129,10260,1240,17.494,2.184,67570,7080,64020,5800,36770,1090
8,71,25390,1970,59.834,3.066,73600,8060,66610,7230,40880,5680
16,810,404510,-27460,139.236,-15.717,32790,2200,30190,1830,18730,1270
52,767,70460,-1460,99.556,-2.565,27470,610,19950,1200,16340,1030
30,923,440,-220,0.374,-0.183,34400,-1290,31420,780,19380,2550
5,612,365130,-4370,24.149,-1.276,52780,660,41680,-4050,19470,-490
37,950,169390,-3970,32.569,-1.479,46360,2340,44320,2570,25660,1200
54,222,4520,-340,16.006,-1.212,55210,5860,53540,6920,28520,1020
28,923,1920,170,4.322,0.264,30430,90,28370,-70,17980,860
29,71,44750,3720,47.462,2.704,63680,6690,57770,6430,34780,2700
9,336,34230,-2230,50.739,-6.475,68840,7480,60040,4040,28860,5660
43,162,35720,230,19.036,-0.648001,73960,7270,70480,6520,39280,3930
23,222,49780,-4230,14.983,-2.059,78010,3300,68180,1330,37390,1100
48,705,13280,700,44.098,1.328,28150,4240,23620,1860,19200,1530
4,810,178870,-6050,154.359,-6.76801,29930,1930,27260,1760,17570,1060
53,222,20070,-5420,7.358,-2.12,58710,-80,53170,-130,30760,-20
8,923,850,130,2,0.251,32250,-60,29560,-1510,18900,-790
35,162,56570,2810,14.033,0.238,73390,7320,68670,6770,39600,5060
20,320,13360,-520,6.973,-0.443,82880,13120,60390,7000,29290,410
38,586,45130,-580,28.609,-1.355,25640,2400,23470,2180,17260,1620
12,2,5150,230,86.015,5.277,63560,8660,54030,7640,26400,2990
36,222,3350,230,7.597,-1.228,58100,8700,52920,8470,31630,9290
31,2,34880,-490,55.622,-1.483,110810,7490,96000,6210,52060,3930
5,1054,477100,5780,31.555,-0.876999,49740,3000,46360,2110,24760,870
17,1298,128140,11960,84.706,5.733,33550,1970,30800,2030,17980,520
8,653,39710,4600,93.574,8.478,22600,310,19540,40,16790,1130
28,494,29340,5040,66.172,9.951,70250,8040,57160,5360,28890,1620
25,687,81560,2890,29.876,-0.0650005,27010,710,24480,140,17270,1010
30,494,50370,6600,42.343,5.243,83790,4280,74310,4630,35580,3180
26,687,35880,1210,32.797,1.188,21580,1230,19220,650,16090,1470
38,950,85640,-460,54.292,-2.156,39580,4540,36180,4630,22890,2070
24,767,418870,2280,102.822,-4.163,36440,1450,24750,1190,16990,1380
37,586,197270,-950,37.931,-1,26270,1160,23520,290,17940,680
27,320,18130,40,6.782,0.000999928,89550,7600,65650,5420,30950,2850
7,162,33240,-1030,20.191,-0.592001,81270,7560,79440,7970,50390,6670
11,2,219430,-810,55.088,-1.54,108550,9370,94250,8670,42210,-1950
28,653,46030,1610,103.836,1.067,21170,1980,18940,1570,16930,2080
8,494,27430,1780,64.64,2.46,80780,5420,67020,2170,34490,1440
25,293,49210,-440,18.025,-0.870001,44650,4030,42080,4540,24630,1800
32,767,409770,-3300,105.903,-1.366,43000,140,27460,-260,18080,2020
26,293,12410,-880,11.344,-0.77,38880,3540,35340,2900,23260,2260
30,653,173380,13760,145.744,10.459,25130,1090,21870,-320,16320,1430
31,1054,24150,1400,38.512,1.79,47170,4480,44500,4460,26680,1370
21,1298,35560,-4370,60.643,-7.145,33200,3390,30030,3240,19160,2240
5,2,887420,64970,58.693,2.1,125100,9080,109720,6950,50330,1900
32,432,42600,1550,11.01,0.35,56540,2480,49350,2050,22630,-1260
20,950,121430,2330,63.382,-0.243999,41080,3330,37740,2970,23650,2300
7,494,101370,7490,61.564,4.628,83910,7600,72430,5950,39800,2560
8,162,5670,-1320,13.351,-3.593,84990,7970,78920,7170,42490,5430
35,923,7990,1030,1.983,0.197,28220,1030,24460,-220,16730,1920
24,432,48060,-1410,11.796,-0.908001,47650,1050,40830,-290,18620,1630
50,810,541360,-27810,148.378,-10.187,35950,2690,32800,2080,19260,1090
43,923,4300,-960,2.291,-0.629,32060,5030,29680,5700,18050,2990
7,653,135620,11570,82.365,7.137,24530,570,20400,-140,18410,1550
11,1054,170130,2270,42.712,-0.448997,42770,2340,39820,1640,21540,30
28,162,6520,-120,14.705,-0.654,66190,9060,62850,8670,36740,5790
37,320,30320,-700,5.83,-0.263,84830,7180,65560,5860,31050,1110
51,810,412910,-30120,142.464,-16.347,38500,3040,36200,2730,22790,1510
27,586,78340,-3770,29.301,-1.469,26030,1860,23610,1320,17430,1060
12,612,2650,110,44.224,2.457,33010,4170,31320,6160,16510,1970
30,162,11630,-2700,9.775,-2.367,75280,4310,71500,4680,39840,1210
31,612,11570,470,18.449,0.528,43560,3170,41760,3840,22150,340
23,71,198610,30540,59.779,6.744,81320,4330,72400,4830,41910,1600
25,129,91560,9270,33.537,2.221,80210,4740,77880,4340,43750,1040
42,810,75110,-6930,161.898,-16.942,38100,3800,36450,3740,21040,900
53,71,123420,11600,45.243,3.67,61250,3790,56640,3840,32580,1430
26,129,10610,940,9.7,0.887,62840,8120,59540,8720,32630,3900
35,494,249760,24260,61.96,4.091,71840,5950,56750,3030,30860,1720
15,1298,473880,33850,82.187,5.047,35260,2150,29620,1630,18730,1610
27,950,97280,-17060,36.386,-6.464,49190,2540,46650,2530,25730,1190
43,653,184220,14190,98.174,3.867,19990,1060,18370,1630,15940,1640
7,923,1090,320,0.663,0.197,29480,-4320,25770,-3280,18660,140
36,71,16700,4940,37.908,4.661,56550,3750,52630,3590,32710,1610
9,705,12260,2870,18.167,3.427,31510,-2420,26690,-2330,18710,950
20,586,57960,-580,30.254,-1.018,23520,1570,21660,1500,16450,1430
38,320,13700,1740,8.687,0.845,82190,10520,59960,4570,25880,320
47,1298,79560,-270,62.121,-5.205,35470,3430,31280,2500,18120,1430
54,71,8540,1190,30.212,4.186,64970,6920,57980,7300,35960,5560
48,336,27040,1300,89.83,2.315,46360,2100,41510,1720,22910,2230
29,222,7040,-630,7.462,-0.905,57770,2800,52720,2720,30970,2730
35,653,391300,44680,97.075,8.12299,20280,890,18480,1310,15960,1610
11,612,102350,5300,25.694,0.739,33830,210,30610,160,18710,1340
43,494,115470,13520,61.538,4.991,66950,3700,53680,2330,26660,160
52,432,5090,-200,7.191,-0.318,41620,4790,34820,5310,17890,1770
12,1054,3350,-110,55.9,-0.974998,31620,3260,27980,1840,17300,1780
47,687,40820,3900,31.877,0.743,23470,530,20640,-130,16270,1190
20,1054,103450,440,53.999,-1.027,41790,3610,37960,2150,22280,2090
7,71,91790,11160,55.745,6.849,79800,5100,72150,5950,41760,2700
36,923,1600,410,3.639,0.276,33600,8770,32010,9110,20730,4200
31,950,19940,-1190,31.808,-2.309,43670,2240,41390,2650,26670,860
23,923,1460,-320,0.441,-0.12,29320,720,24890,980,18380,690
15,293,76030,-2270,13.186,-0.541,48100,3340,42000,2360,22570,1420
38,2,86200,7790,54.652,3.249,90760,13720,75180,10160,38080,5690
33,767,78050,-1540,99.044,-0.395004,30170,1580,23070,1750,17080,1430
53,923,4830,-500,1.771,-0.21,30830,2080,28490,3310,17990,1910
27,612,59610,5280,22.297,1.936,37870,2580,31020,1130,18360,220
12,586,590,-90,9.775,-1.433,23620,870,22380,1520,16400,1380
8,222,7070,-810,16.668,-2.44,81760,11330,73920,9370,42430,7720
47,293,17080,1030,13.337,-0.197001,40380,4300,36640,2230,21160,1780
17,129,31510,4320,20.831,2.346,71470,8020,69260,7390,40250,5540
30,222,7500,-330,6.302,-0.331,66390,3950,60740,3720,32440,6800
15,687,184680,-410,32.03,-0.419003,28070,1750,24350,1390,18320,1380
54,923,480,80,1.691,0.289,30490,-1240,28240,-1260,18850,2370
28,222,7400,-880,16.694,-2.452,52560,6270,47080,5940,28270,3780
11,950,128380,-17690,32.23,-5.329,38210,2580,34510,2240,20160,-210
35,71,185240,31050,45.954,6.385,70410,10300,62140,7250,36620,3210
53,494,157310,4520,57.667,0.861,72520,1910,60280,2750,31800,1330
20,612,56580,2030,29.531,0.392,36180,2400,32960,2730,18530,1630
21,293,11700,800,19.948,1.449,42180,3720,38620,1820,25550,2610
37,2,247150,69870,47.52,12.7,100470,560,88050,-380,43270,-1150
1,705,44170,7830,23.78,4.28,21460,-20,18620,700,15990,1540
54,653,25040,610,88.572,2.096,21110,840,18920,640,16070,1540
23,494,235250,10760,70.806,-0.0339966,85840,7450,72880,5970,36110,4290
11,586,93480,9190,23.467,1.794,26850,2240,24450,2000,17240,1480
6,1130,97640,3290,41.239,-0.992001,36820,2820,33170,2640,19570,400
36,494,23510,3770,53.392,-2.422,64940,6470,53540,6700,32040,4920
27,1054,110580,940,41.361,0.271999,42490,2260,39180,1430,22050,1000
41,1130,63340,-11330,70.153,-7.459,22740,1100,19060,1380,16170,1800
49,705,960,80,25.242,4.866,22000,-50,19670,10,16170,530
22,705,76440,15650,29.89,5.608,26580,-250,22610,0,16550,1460
29,162,11280,340,11.958,0.0250006,67320,6250,64630,7590,35290,3480
45,705,67750,13520,24.642,3.983,22810,900,19290,550,16120,1430
54,494,14020,1250,49.608,4.399,73220,6370,59020,4060,33060,3620
31,586,17080,300,27.234,0.15,31950,2080,29970,1390,21890,760
21,687,21220,460,36.194,0.960999,26580,580,24620,340,17550,410
53,653,233730,-3290,85.684,-2.436,20260,580,18590,850,15980,1300
23,653,287160,23370,86.428,3.188,25220,110,21950,110,17590,270
12,950,5260,-350,87.766,-4.345,30230,4360,28480,3560,20340,3060
36,653,36340,4050,82.509,-8.80099,22390,3330,20290,2780,16280,1880
5,320,122130,4270,8.077,-0.033,120100,4660,98580,2480,43620,2180
43,71,68800,9930,36.662,4.007,59660,4070,53590,2970,29620,-310
10,767,1012560,81190,132.097,5.483,36260,-590,24560,-1240,17480,1780
42,432,6140,-280,13.231,-0.771,51290,80,47300,1190,18930,-590
2,494,16570,2460,50.986,5.183,89170,12070,78000,10000,40620,5640
44,950,20700,-530,50.583,-3.45,35610,2920,33220,2850,22860,1810
4,767,121680,9100,105.01,6.912,31290,2190,21560,1510,16430,1910
34,653,712980,113250,80.92,10.256,24790,970,19730,-320,17220,1380
18,653,115670,2080,85.082,0.863998,19700,650,18390,1190,15940,1570
2,653,26490,2680,81.531,4.277,26200,2100,22830,2090,17300,1080
17,705,43980,8710,29.073,5.1,23170,300,20830,1600,16350,570
40,162,92100,-5360,16.29,-1.199,75340,7010,70790,6830,39900,4510
39,923,15420,3260,9.157,1.669,29320,-1120,23400,-3350,19150,1010
19,222,9490,-1220,5.249,-0.874,53360,2180,49360,2350,25460,-1630
34,494,504800,38320,57.292,2.328,84690,7230,71250,5920,37130,1720
16,767,287190,-1370,98.856,-4.655,35460,2350,23690,1540,16610,1920
52,810,111050,-7770,156.913,-11.793,29370,2100,26680,2330,17540,1380
46,162,239000,8190,21.284,-1.149,89660,12410,79990,10190,39420,4700
18,494,76090,3270,55.971,1.982,69680,7310,53670,4080,29350,2050
21,336,40580,-480,69.212,-0.496002,46170,4410,42030,3350,24250,2500
1,129,39420,5240,21.219,2.879,76330,7390,73340,6370,39250,3570
13,162,8820,350,14.397,-0.00699997,77370,6980,74980,4730,43530,3870
32,810,656040,-52700,169.551,-14.501,38650,2990,36100,2550,20540,1100
24,810,617770,20,151.647,-6.99899,33980,1050,31470,670,19050,520
48,1298,16820,530,55.873,0.484001,36580,4440,32980,3090,20190,1100
5,1130,829740,-38330,54.878,-4.855,35220,2380,29810,1730,18750,450
39,653,159650,10730,94.835,3.164,22980,450,19990,-50,19040,1080
49,129,370,10,9.637,1.35,51450,-3070,45780,-4380,24760,-7120
22,129,117040,18580,45.765,6.433,94670,10060,91770,8940,46340,1000
47,336,78290,6150,61.133,0.297001,51180,8450,42990,5850,20820,1630
2,923,620,620,1.904,1.904,43620,9660,49470,22550,20270,3020
45,129,46550,7580,16.93,2.084,69900,7440,67130,7330,36220,3110
18,923,4060,1790,2.983,1.303,29290,960,27390,1890,18590,2160
44,586,11030,630,26.954,0.483,25470,1100,24290,830,19140,1610
50,432,47510,1140,13.021,0.103,56240,3140,47710,2020,19870,-560
34,923,3750,-1010,0.426,-0.135,32350,2470,27650,2130,17790,980
15,336,403210,4070,69.93,-0.0419998,53750,-3250,48270,-1460,20000,-120
41,320,4530,-230,5.013,0.0609999,63240,4950,55780,5330,25390,-1440
6,320,21440,2560,9.055,0.603001,98970,4950,72860,950,38070,1090
51,432,43500,2650,15.009,0.363999,52930,1030,45560,-1020,22260,-1070
39,494,91290,9500,54.226,3.877,88790,10800,76410,8380,36210,2820
41,2,37010,2520,40.991,5.143,70500,4360,58340,4800,30620,2590
44,1054,16130,1350,39.41,1.78,42800,5090,39260,4580,26420,2720
6,2,103470,7410,43.699,0.704002,118130,15570,103690,12720,50970,5930
2,71,13110,1590,40.338,2.95,75190,11050,70520,11070,43640,8480
48,293,8210,1150,27.28,3.278,40720,1190,37050,980,25680,1160
14,767,64320,-160,102.394,-2.53001,32950,540,24020,1250,16760,1700
37,1130,491110,10810,94.428,0.0940018,35670,1490,33140,1410,20290,1050
19,162,23330,-800,12.904,-0.895,68560,6380,66310,7580,36030,4340
40,222,48940,-9490,8.656,-1.828,67720,1800,60260,2750,31070,1130
3,767,288710,26580,114.25,8.514,35950,690,25000,50,17550,1770
18,71,63910,7870,47.011,5.457,65150,6780,58910,6000,34190,2550
48,687,10650,200,35.379,-0.154999,28760,2270,26190,1750,19270,800
46,222,86010,-8580,7.659,-1.534,71870,4990,57940,2140,29290,710
34,71,481230,63040,54.618,5.344,87240,6130,74410,5670,41820,2500
25,705,120000,28920,43.957,9.293,24590,250,22600,-270,17360,1480
44,612,6550,540,16.001,0.707,36550,2320,33330,1700,20720,2150
13,222,6500,-250,10.616,-0.863999,67890,6350,59460,2500,31150,-980
26,705,27300,3380,24.956,3.153,22680,940,18670,720,15990,1580
38,1130,115550,-2320,73.258,-4.02,35330,3820,31920,3530,19420,1830
9,129,37270,3820,55.244,2.74,96570,10210,96380,12080,53750,4290
39,71,77020,6940,45.751,2.61,65170,6050,60170,5430,34810,1670
41,612,58250,-5960,64.512,-2.235,20120,-2450,18160,-3040,15880,1340
26,336,76040,-2080,69.505,-1.717,40150,1690,37370,-330,17320,1700
6,612,52750,2550,22.28,-0.188,45470,1900,40590,-90,20300,1060
25,336,156090,360,57.174,-2.091,52340,6020,46620,4280,25000,760
39,222,20000,-1550,11.878,-1.388,59840,2360,55500,5210,29150,1280
45,1298,265860,23630,96.693,4.421,31590,1650,27860,1610,17460,1460
19,923,4280,-140,2.368,-0.158,27830,1900,25080,1340,17160,960
20,1130,123840,2470,64.641,-0.196999,42270,4950,37960,3840,20070,2050
33,810,118220,-11920,150.028,-12.57,32160,2920,29410,2630,18750,1760
48,129,6560,570,21.786,1.425,71880,6770,65740,5160,37900,2500
13,71,24250,-490,39.581,-2.501,63560,5270,59350,5270,34270,4130
49,1298,2160,-210,56.829,1.925,28030,40,24060,-590,16880,930
22,1298,151840,14320,59.372,4.44,35510,1400,31750,1260,18230,1020
1,1298,139970,-6780,75.354,-3.389,31740,2470,26810,1530,17210,1830
41,1054,29070,-5430,32.195,-3.669,27780,1320,23220,430,16530,1680
19,494,122320,11240,67.654,4.127,65330,4050,53230,2830,28370,2300
27,1130,190870,-12630,71.39,-4.872,34610,2180,30790,1590,19000,990
44,2,11500,360,28.106,-0.244999,96230,14590,84580,12280,41010,5730
6,1054,90950,2080,38.414,-1.361,47270,3720,44720,3040,24540,1500
10,810,1379900,-76080,180.019,-17.913,32380,2080,29570,1440,19090,1380
40,71,277700,36950,49.116,5.914,69450,4640,62450,4850,36140,3460
9,687,21860,-580,32.407,-2.811,31460,3530,29850,2870,20760,3040
18,222,8570,-3320,6.304,-2.514,62370,6600,54990,4350,33290,3870
34,222,67690,-26470,7.682,-3.413,68750,3680,60670,2100,29980,-1490
46,71,524790,84120,46.735,3.907,73830,9440,65580,8400,36190,3640
3,432,30930,5430,12.241,1.956,46250,1170,37700,-830,19760,-130
19,653,168500,10110,93.199,2.62,19620,950,18300,1560,15930,1630
14,432,8140,-350,12.955,-0.857,38760,3260,31650,3720,17310,1590
9,293,12290,1170,18.211,0.764,54110,6590,48970,5480,26860,4740
2,222,6420,-30,19.745,-1.203,71230,8140,65140,6270,38830,5170
13,653,77150,8650,125.946,9.414,27670,2760,23010,2470,16470,400
46,923,15390,300,1.37,-0.097,25750,2830,21680,2300,16380,1860
51,767,310370,21710,107.084,3.608,40200,1750,29100,1700,19920,1340
50,767,385860,9360,105.758,0.871002,38180,2560,24790,1090,16760,1730
47,705,31810,7000,24.837,3.917,24620,590,21170,1360,16350,1380
40,923,5590,-1320,0.989,-0.252,30230,1890,26700,2390,17480,890
39,162,36520,4610,21.693,2.051,78330,8190,72580,6760,43360,4990
31,1130,44120,-1330,70.364,-3.019,36660,3090,34150,2940,21340,570
41,586,11060,-2970,12.25,-2.329,19630,2010,18360,2560,15920,1750
15,705,158450,18350,27.481,2.92,26110,660,21860,1150,18080,1530
6,586,62500,12650,26.394,4.081,31780,2230,29680,1290,20520,1440
9,1298,12130,-2480,17.977,-4.954,41310,3750,37340,4270,19090,-10
13,494,28710,3650,46.865,4.239,87860,4710,78110,6220,38740,1330
11,1130,289380,14450,72.649,1.958,32080,2090,28700,1610,17970,890
44,320,1700,20,4.156,-0.111,71410,7310,58360,4380,32940,3330
40,494,366220,14410,64.774,1.643,72330,7230,59600,4820,31180,2640
16,432,31180,-200,10.734,-0.521,42320,3630,34130,1820,17740,730
6,950,122030,-9360,51.537,-7.269,44060,2010,40450,1430,25590,1160
22,687,85720,-1060,33.517,-1.146,26960,1290,24320,870,16900,860
49,687,2160,-680,56.756,-8.857,23080,1160,21910,1100,16590,840
19,71,65090,8060,35.999,3.382,59000,5550,53280,4730,31640,2860
41,950,31130,-21810,34.477,-20.554,21240,1450,18540,1310,16040,1760
46,494,584740,70520,52.075,2.099,73510,7690,60180,5700,30840,4100
1,687,56410,1160,30.371,0.724001,22770,1320,20160,950,16230,1590
34,162,106450,-900,12.082,-0.567,79570,5500,74920,5740,43350,3980
45,293,29750,-120,10.82,-0.559,38720,2600,36720,2650,21080,30
18,162,21510,-5860,15.824,-4.466,72700,5990,68410,5250,38430,3210
12,1130,1740,200,29.065,3.775,28230,2960,23880,3340,16550,1860
4,432,8520,-400,7.349,-0.427,41070,3480,36460,3870,19090,2320
2,162,7910,-720,24.353,-3.644,100840,9310,92310,7110,53830,6830
40,653,485250,17440,85.826,1.879,21510,350,19120,480,16080,420
49,293,350,-220,9.211,-3.912,39460,-5090,36890,-2490,22650,80
22,293,38810,2190,15.177,0.551,48770,1230,45560,1410,23170,180
17,336,98070,-140,64.827,-1.92899,47030,5250,40900,3960,19890,1260
1,293,16970,-200,9.137,-0.0740004,41440,1510,39120,1100,21640,1110
42,767,45330,1330,97.712,1.794,40310,5490,27090,3200,17750,1510
13,923,1500,540,2.444,0.812,28740,-4020,23550,-7440,16830,-1200
46,653,1038070,162060,92.446,7.307,20880,1950,18620,2010,15990,1710
45,687,84390,5240,30.692,0.541,23470,960,20950,870,16330,1150
21,705,21390,5460,36.482,9.445,23370,370,21500,810,16880,410
18,432,16870,750,12.41,0.460999,39730,2490,34990,2720,17930,2360
50,923,5580,170,1.529,0.021,31760,3020,29490,3920,17780,1760
34,432,198880,17320,22.572,1.18,74100,7130,59710,4490,26340,320
40,767,582350,-11990,103,-3.653,38710,2500,25120,1400,16790,1310
31,293,8030,90,12.801,-0.0240002,43060,3540,39120,2460,23310,1130
3,222,17740,-3190,7.02,-1.422,59840,2010,54520,3250,31620,1400
43,810,294060,700,156.707,-6.007,32050,2190,29310,1310,18240,600
15,950,178280,-45010,30.92,-8.225,60730,4170,62270,4450,27100,2450
27,1298,172020,-11410,64.338,-4.403,33050,1590,29520,1720,17600,1370
46,767,1214690,101680,108.175,0.00300598,39850,4970,25730,3260,16840,2110
16,162,50020,5180,17.218,1.135,69120,4860,66140,4980,39610,3370
11,687,111940,-4290,28.102,-1.783,23870,1170,21200,890,16330,1330
42,653,48530,2590,104.616,4.473,22920,950,19190,60,17150,970
51,923,17480,2520,6.03,0.668,32070,2480,26200,2630,19640,1150
47,950,73740,-950,57.577,-5.41,41010,2290,37600,960,24100,2130
31,687,21440,1770,34.198,2.445,27790,940,25800,850,17760,130
17,320,7300,350,4.828,0.103,73670,4860,54720,1210,28910,1820
21,586,20960,-2770,35.743,-4.548,27680,1850,26050,1540,19690,1140
26,2,50210,6430,45.889,5.975,82930,7120,70680,5680,35590,2960
35,810,610960,130,151.57,-5.18399,33430,2140,31100,1610,19010,600
25,2,165730,28110,60.706,8.333,109510,6920,97380,4870,50470,4850
42,494,30770,1010,66.33,1.451,82630,10810,71870,7990,39720,7900
14,222,9710,-350,15.451,-0.913,56390,6590,48710,4260,25280,790
11,293,42970,770,10.788,-0.0629997,42850,1770,37310,910,21380,-790
4,162,11730,80,10.122,-0.0290003,65060,4180,61870,5300,34820,4520
2,432,3430,940,10.551,2.454,51840,8100,47580,8240,27380,5640
21,950,24180,-3780,41.239,-6.224,39810,2480,37530,1980,25260,1470
45,1130,252900,1970,91.981,-3.605,33310,1790,30440,1590,18940,790
39,432,23600,130,14.02,-0.424999,49820,1660,41930,980,21010,-230
51,494,150600,8470,51.962,1.014,82750,6680,72920,6410,38600,3250
20,1298,148650,-9650,77.59,-6.97601,37140,5120,30340,3230,17730,2040
47,586,32500,3020,25.381,0.524,27050,2290,25650,2230,19560,2200
12,687,2990,-300,49.942,-4.152,18740,620,17850,1920,15800,1610
50,494,195590,19020,53.609,4.419,73970,5010,58780,3480,30130,1690
42,923,140,140,0.308,0.308,24110,1710,19200,-1130,17150,1080
51,653,253020,9880,87.297,0.139999,25780,1140,22410,930,19430,1130
1,1130,199730,7110,107.524,4.167,33820,2330,29740,2060,18370,940
13,767,63240,1270,103.24,-2.191,33730,1630,26520,2370,17340,870
6,705,69830,10250,29.493,2.826,26450,230,22090,-400,17490,1470
12,293,670,-20,11.162,-0.165,40860,7120,40210,9600,21120,4060
7,810,260480,-17080,158.204,-10.12,41190,2810,38590,2300,21180,30
44,336,23780,680,58.098,-0.693001,40270,2810,37260,2730,21900,1070
49,1130,680,-1190,17.968,-25.287,28660,-13120,24660,-15470,17190,-620
50,653,315100,17450,86.364,3.443,22410,1520,19400,940,16140,1610
41,705,15980,4110,17.697,5.355,18660,70,17790,1500,15780,1540
22,1130,79570,-11830,31.112,-5.398,37900,1840,34640,1790,18790,-60
5,129,514330,99130,34.017,5.447,99450,12520,94910,11520,49210,4960
15,586,162710,17800,28.22,2.817,28730,820,25640,480,19120,1150
3,162,50830,-2790,20.116,-1.511,77310,6460,71580,4430,41090,5470
20,293,23550,-4890,12.294,-2.897,41350,2100,39780,1790,20220,970
19,767,172370,-5340,95.335,-6.294,33070,2090,22640,1940,16530,2040
21,612,11830,1290,20.183,2.291,38120,3220,34160,1010,20110,1910
16,222,20200,-230,6.953,-0.374,58580,6730,48450,1820,29670,6060
54,810,36170,-2320,127.947,-8.331,33500,3370,31650,3260,19870,1800
15,1054,191390,-4970,33.194,-1.229,48250,2470,45830,2880,23120,380
36,810,61870,2770,140.487,-26.632,33780,4930,31150,4220,20290,2730
47,1054,50450,3720,39.391,-0.019001,45080,3910,42800,3240,22520,700
20,687,58610,1630,30.595,0.153999,22040,1440,19640,960,16160,1600
12,1298,3370,-10,56.279,0.798,32090,8970,23260,3620,16510,2020
4,222,6480,-1810,5.595,-1.624,55260,2900,49140,2490,28220,-150
42,71,23770,4450,51.231,9.123,73960,10880,67740,8260,40930,4450
14,162,11800,-1880,18.79,-3.471,77310,8850,73650,9560,40590,5840
23,810,493640,-32620,148.575,-17.489,41130,3020,38630,2570,21990,710
53,810,413010,-9360,151.403,-5.63,34180,2560,32220,2260,19190,690
37,129,129120,5540,24.826,0.555,74160,5460,72130,4490,39130,3230
26,320,5360,-950,4.898,-0.857,75230,10940,54000,8880,24890,-2270
25,320,18330,610,6.713,-0.0320001,97870,2830,78930,2980,39110,2990
31,1298,34070,2740,54.338,3.757,34160,1790,30300,1320,18310,690
51,71,174780,38080,60.303,11.3,74370,8480,68040,6370,40470,1920
21,1054,25300,150,43.146,0.452999,43270,3550,41420,3850,25520,1530
50,71,249320,24160,68.334,5.607,80390,8110,73710,8170,40820,4850
27,293,38770,3340,14.5,1.223,39630,1800,36060,1090,23080,800
15,612,146170,4690,25.351,0.548,48700,1660,40860,300,18920,620
17,2,80530,24050,53.231,14.836,87580,3090,76010,1000,35230,600
38,129,27740,3440,17.585,1.652,64130,6540,59340,5140,31440,3800
47,612,22980,2010,17.944,0.263,38680,3100,36190,2600,18050,950
27,687,83100,-2050,31.081,-0.827002,24810,1470,22180,1250,16760,1050
9,1130,5080,-1720,7.524,-3.142,54060,7930,49900,7120,21680,1460
11,1298,333400,24630,83.7,4.308,34510,3420,27550,900,17240,1470
48,1130,20250,-1280,67.251,-5.965,36530,3190,33130,2390,21220,400
5,1298,972140,56560,64.296,1.295,34990,1900,29380,1040,18530,530
14,923,5830,1230,9.28,1.789,29230,3130,23460,2780,16450,1670
37,293,68620,-4980,13.194,-1.261,43220,1160,40350,940,24150,980
21,2,32090,2510,54.719,4.513,87330,8140,76870,7000,41690,3860
26,586,35320,870,32.286,0.875,23100,1950,21340,1780,16600,1320
25,586,89360,-5300,32.733,-3.292,29880,2070,27750,1810,20560,880
17,1054,67940,4710,44.91,1.927,42500,3360,40650,3370,24110,2000
37,687,157980,-1010,30.376,-0.852001,25630,1340,22080,850,17330,1310
51,222,32600,-11860,11.247,-4.692,69950,2750,63320,1670,35870,1230
50,222,30890,-4240,8.468,-1.318,81180,6430,71930,6370,36420,2270
20,129,20400,3440,10.65,1.591,62320,5300,57850,4740,32610,1160
3,923,13400,2070,5.304,0.735,20730,760,18520,400,16900,1410
3,653,240930,14510,95.341,4.008,22130,900,19040,770,16950,1510
14,494,34340,4060,54.666,5.398,71150,5950,57930,3570,30630,2130
4,71,42750,2920,36.892,2.188,60210,8040,54940,7890,30720,3510
42,222,2830,-770,6.095,-1.76,75090,12830,68920,9690,36110,6440
17,612,22170,860,14.658,0.174,42810,6130,41690,7180,18510,970
15,2,368230,63130,63.864,10.377,106750,5070,93980,5220,41390,-340
38,293,24500,4600,15.534,2.484,37740,2000,35230,1340,19140,-440
27,129,74590,6830,27.898,2.505,74960,7620,72650,7000,38840,4260
3,494,138610,14950,54.85,4.97,75770,5880,65090,7170,30430,3720
47,2,66860,9940,52.204,4.199,93180,7590,81180,5560,35960,-3840
25,950,91240,1660,33.421,-0.670998,52950,2250,51070,1800,29580,1190
16,71,109220,20480,37.595,5.765,62760,4220,56030,3340,31030,1160
14,653,55970,4340,89.105,5.08801,19730,570,18460,1260,15960,1390
29,810,152170,-7490,161.374,-12.78,31850,2670,29430,2150,18710,1730
38,687,46070,2290,29.207,0.502001,22750,2040,20670,1850,16320,1670
19,432,15490,-1260,8.569,-1.009,40460,4470,34350,2300,18100,1440
26,950,48800,-6470,44.602,-5.784,37050,3860,34140,3880,20830,750
4,923,5920,350,5.104,0.251,28230,-360,24130,-790,17600,910
11,129,121210,26040,30.43,5.959,80740,7050,76260,5500,39740,1930
8,810,70780,-4050,166.814,-14.566,36240,1800,33910,1800,20270,850
17,950,62390,-400,41.242,-1.441,42630,3440,39590,2590,25050,1870
13,432,9280,-360,15.147,-1.251,50420,5810,41870,4760,18420,540
38,1298,107620,3360,68.228,-0.122002,34230,4160,29830,3750,17780,2000
47,320,8580,930,6.701,0.248,86050,-750,66940,-100,30610,70
51,162,75620,-4170,26.092,-2.511,88290,10220,85240,9620,51770,6350
30,810,187360,-8800,157.494,-8.767,34470,1420,32110,1180,19960,710
16,923,3550,730,1.223,0.21,29550,1690,26920,1610,17610,1870
28,810,67620,-4290,152.525,-13.848,31550,2400,28950,2240,19090,1950
15,320,47420,2810,8.224,0.404,100140,-12000,73870,-17480,34880,-5440
26,612,33880,2120,30.963,2.007,29460,1430,26500,940,17490,1240
41,336,67050,-2690,74.257,1.76401,35160,3610,31570,2250,17720,1050
39,767,171760,1970,102.026,-2.494,36710,-80,27040,1500,19320,1130
31,129,17520,-1700,27.937,-3.093,80280,2670,76250,1700,41960,-180
6,336,140480,10640,59.329,1.215,49940,2360,43990,690,24370,510
25,612,43660,-1750,15.993,-1.287,45370,4690,39540,2700,20670,450
50,162,75000,-8120,20.556,-2.602,85910,9420,78760,7580,43410,5110
44,705,13450,1510,32.856,2.466,23360,2090,21840,1660,16630,1360
12,129,570,90,9.536,1.577,47690,4650,43660,4930,24450,3780
5,293,228390,22470,15.105,0.934999,51550,850,46590,110,24970,-400
37,1298,382690,-12040,73.581,-3.947,32020,1260,28030,960,17920,1570
2,767,25910,-60,79.73,-4.549,34830,3490,28050,2670,19370,1900
14,71,22320,650,35.536,0.27,61270,7460,54650,5710,30250,2500
16,653,272750,12700,93.885,0.603004,20240,1040,18520,1260,15970,1610
4,494,73070,3960,63.057,2.835,65400,5250,49250,3080,26870,1940
42,162,7300,-280,15.731,-0.790999,87030,9810,83810,9390,47570,7500
5,687,477760,29350,31.598,0.743,28870,1690,25240,1180,18300,320
46,432,110390,1280,9.831,-0.773999,49250,3080,41690,2870,19430,1860
3,71,128300,9820,50.772,2.982,64470,5640,59080,6600,33970,3050
18,767,134630,690,99.026,-0.280998,37550,4020,24470,2120,16690,2030
26,1054,50790,2050,46.426,1.99,39150,3260,35500,2640,20070,70
40,432,60020,-2320,10.616,-0.571,50590,5120,41990,3220,19280,1420
34,767,909540,61240,103.229,3.27599,50020,5070,28360,550,17680,1800
25,1054,94310,4300,34.545,0.287998,46030,1920,44130,1880,25580,80
17,586,45810,-880,30.283,-1.454,27670,2040,25380,1210,19790,1680
21,320,3510,-330,5.983,-0.539,77990,6620,59020,4280,34900,1690
4,653,99730,4120,86.067,2.759,18660,670,17980,1690,15860,1570
16,494,179290,12290,61.713,1.808,70360,6970,54750,4220,29920,2250
